,Season,Unnamed: 0,Team,Conf,Div,W,L,W/L%,MOV,ORtg,DRtg,NRtg,MOV/A,ORtg/A,DRtg/A,NRtg/A
0,1990,0,,,,,,,,,,,,,,
1,1990,1,Los Angeles Lakers,W,P,63.0,19.0,0.768,6.78,114.94,107.83,7.11,6.74,115.19,108.16,7.03
2,1990,2,Phoenix Suns,W,P,54.0,28.0,0.659,7.1,113.45,106.59,6.86,7.09,113.6,106.76,6.84
3,1990,3,Portland Trail Blazers,W,P,59.0,23.0,0.72,6.32,110.98,104.75,6.22,6.48,111.09,104.72,6.37
4,1990,4,Detroit Pistons,E,C,59.0,23.0,0.72,6.09,110.45,104.06,6.39,5.41,109.77,104.04,5.72
5,1990,5,Utah Jazz,W,M,55.0,27.0,0.6709999999999999,4.79,110.97,106.06,4.91,4.82,111.23,106.32,4.91
6,1990,6,Philadelphia 76ers,E,A,53.0,29.0,0.6459999999999999,4.99,114.1,109.1,4.99,4.23,113.8,109.55,4.25
7,1990,7,San Antonio Spurs,W,M,56.0,26.0,0.6829999999999999,3.49,108.3,104.75,3.54,3.58,108.42,104.81,3.61
8,1990,8,Boston Celtics,E,A,52.0,30.0,0.634,3.99,112.19,108.25,3.94,3.23,111.86,108.66,3.2
9,1990,9,Chicago Bulls,E,C,55.0,27.0,0.6709999999999999,3.26,113.07,109.66,3.41,2.74,112.75,109.83,2.91
10,1990,10,Houston Rockets,W,M,41.0,41.0,0.5,1.46,105.31,104.02,1.29,1.7,105.41,103.89,1.52
11,1990,11,Denver Nuggets,W,M,43.0,39.0,0.524,1.41,108.36,107.0,1.37,1.56,108.63,107.14,1.49
12,1990,12,Seattle SuperSonics,W,P,41.0,41.0,0.5,1.04,111.55,110.5,1.05,1.4,111.97,110.58,1.39
13,1990,13,New York Knicks,E,A,45.0,37.0,0.5489999999999999,1.41,109.97,108.7,1.27,0.78,109.65,108.99,0.66
14,1990,14,Atlanta Hawks,E,C,41.0,41.0,0.5,1.02,113.52,112.7,0.82,0.64,113.38,112.91,0.47
15,1990,15,Dallas Mavericks,W,M,47.0,35.0,0.573,0.07,107.85,107.76,0.09,0.42,108.23,107.81,0.41
16,1990,16,Indiana Pacers,E,C,42.0,40.0,0.512,0.16,112.21,112.06,0.15,-0.18,112.03,112.19,-0.16
17,1990,17,Cleveland Cavaliers,E,C,42.0,40.0,0.512,-0.3,107.52,107.74,-0.22,-0.62,107.06,107.57,-0.51
18,1990,18,Milwaukee Bucks,E,C,44.0,38.0,0.537,-0.78,107.78,108.77,-0.98,-1.06,107.38,108.61,-1.23
19,1990,19,Golden State Warriors,W,P,37.0,45.0,0.451,-3.13,109.91,112.92,-3.01,-2.55,110.39,112.84,-2.45
20,1990,20,Washington Bullets,E,A,31.0,51.0,0.37799999999999995,-2.16,107.86,110.18,-2.32,-2.43,107.6,110.17,-2.56
21,1990,21,Los Angeles Clippers,W,P,30.0,52.0,0.366,-3.39,104.51,107.91,-3.4,-2.8,104.76,107.59,-2.83
22,1990,22,Minnesota Timberwolves,W,M,22.0,60.0,0.268,-4.23,104.49,109.14,-4.65,-3.6,104.9,108.92,-4.02
23,1990,23,Sacramento Kings,W,P,23.0,59.0,0.28,-5.06,105.45,110.66,-5.21,-4.42,105.82,110.39,-4.57
24,1990,24,Charlotte Hornets,W,M,19.0,63.0,0.23199999999999998,-7.82,102.44,110.26,-7.82,-7.01,102.95,109.98,-7.03
25,1990,25,New Jersey Nets,E,A,17.0,65.0,0.207,-7.87,101.43,109.29,-7.86,-7.82,101.11,108.91,-7.8
26,1990,26,Orlando Magic,E,C,18.0,64.0,0.22,-8.91,106.31,114.63,-8.32,-8.73,106.26,114.41,-8.15
27,1990,27,Miami Heat,E,A,18.0,64.0,0.22,-9.72,100.05,109.7,-9.64,-9.59,99.75,109.26,-9.51
0,1991,0,,,,,,,,,,,,,,
1,1991,1,Chicago Bulls,E,C,61.0,21.0,0.7440000000000001,9.1,115.16,105.67,9.5,8.57,114.92,105.98,8.94
2,1991,2,Portland Trail Blazers,W,P,63.0,19.0,0.768,8.68,113.26,104.87,8.38,8.47,113.16,104.98,8.18
3,1991,3,Los Angeles Lakers,W,P,58.0,24.0,0.7070000000000001,6.74,112.54,105.59,6.95,6.73,112.49,105.56,6.93
4,1991,4,Phoenix Suns,W,P,55.0,27.0,0.6709999999999999,6.55,112.98,106.53,6.45,6.49,113.04,106.64,6.4
5,1991,5,Boston Celtics,E,A,56.0,26.0,0.6829999999999999,5.82,112.88,107.07,5.8,5.21,112.78,107.59,5.19
6,1991,6,San Antonio Spurs,W,M,55.0,27.0,0.6709999999999999,4.51,108.2,103.95,4.25,4.3,108.02,103.95,4.07
7,1991,7,Utah Jazz,W,M,54.0,28.0,0.659,3.33,109.22,105.78,3.44,3.18,109.12,105.84,3.28
8,1991,8,Houston Rockets,W,M,52.0,30.0,0.634,3.5,107.86,104.38,3.48,3.27,107.64,104.37,3.27
9,1991,9,Detroit Pistons,E,C,50.0,32.0,0.61,3.27,108.74,105.29,3.45,3.07,108.45,105.2,3.24
10,1991,10,Milwaukee Bucks,E,C,48.0,34.0,0.585,2.48,110.35,107.93,2.42,2.32,110.23,107.96,2.27
11,1991,11,Golden State Warriors,W,P,44.0,38.0,0.537,1.63,112.18,110.61,1.57,1.72,112.44,110.79,1.65
12,1991,12,Seattle SuperSonics,W,P,41.0,41.0,0.5,1.23,110.54,109.27,1.27,1.31,110.71,109.37,1.35
13,1991,13,Atlanta Hawks,E,C,43.0,39.0,0.524,0.77,111.25,110.39,0.85,0.72,111.28,110.48,0.8
14,1991,14,Indiana Pacers,E,C,41.0,41.0,0.5,-0.39,112.24,112.66,-0.41,-0.38,112.41,112.81,-0.4
15,1991,15,New York Knicks,E,A,39.0,43.0,0.47600000000000003,-0.23,107.78,108.01,-0.23,-0.44,107.71,108.15,-0.45
16,1991,16,Philadelphia 76ers,E,A,44.0,38.0,0.537,-0.18,108.41,108.73,-0.32,-0.39,108.39,108.93,-0.53
17,1991,17,Cleveland Cavaliers,E,C,33.0,49.0,0.402,-2.46,106.56,109.12,-2.56,-2.33,106.5,108.92,-2.42
18,1991,18,Los Angeles Clippers,W,P,31.0,51.0,0.37799999999999995,-3.45,103.59,106.98,-3.39,-3.16,103.53,106.64,-3.1
19,1991,19,Orlando Magic,W,M,31.0,51.0,0.37799999999999995,-3.98,106.33,110.41,-4.08,-3.79,106.46,110.34,-3.88
20,1991,20,Minnesota Timberwolves,W,M,29.0,53.0,0.354,-3.93,107.34,111.57,-4.24,-3.75,107.52,111.55,-4.02
21,1991,21,Dallas Mavericks,W,M,28.0,54.0,0.341,-4.57,106.0,110.81,-4.82,-4.27,106.19,110.7,-4.5
22,1991,22,New Jersey Nets,E,A,26.0,56.0,0.317,-4.51,103.27,107.88,-4.6,-4.54,103.19,107.82,-4.63
23,1991,23,Washington Bullets,E,A,30.0,52.0,0.366,-4.98,103.55,108.65,-5.1,-4.84,103.52,108.49,-4.97
24,1991,24,Charlotte Hornets,E,C,26.0,56.0,0.317,-5.24,105.38,110.75,-5.37,-4.95,105.41,110.48,-5.07
25,1991,25,Miami Heat,E,A,24.0,58.0,0.293,-5.99,102.55,108.61,-6.07,-5.91,102.51,108.5,-5.99
26,1991,26,Sacramento Kings,W,P,25.0,57.0,0.305,-6.78,102.37,109.65,-7.28,-6.28,102.5,109.25,-6.75
27,1991,27,Denver Nuggets,W,M,20.0,62.0,0.244,-10.91,105.58,114.94,-9.36,-10.32,106.0,114.83,-8.84
0,1992,0,,,,,,,,,,,,,,
1,1992,1,Chicago Bulls,E,C,67.0,15.0,0.8170000000000001,10.44,116.32,105.35,10.97,10.07,116.12,105.52,10.61
2,1992,2,Portland Trail Blazers,W,P,57.0,25.0,0.695,7.27,111.98,104.71,7.27,6.94,111.85,104.94,6.91
3,1992,3,Utah Jazz,W,M,55.0,27.0,0.6709999999999999,6.39,112.68,106.13,6.55,5.7,112.59,106.77,5.82
4,1992,4,Phoenix Suns,W,P,53.0,29.0,0.6459999999999999,5.94,112.51,106.7,5.82,5.69,112.5,106.96,5.54
5,1992,5,Cleveland Cavaliers,E,C,57.0,25.0,0.695,5.45,114.32,108.71,5.61,5.34,114.26,108.73,5.53
6,1992,6,New York Knicks,E,A,51.0,31.0,0.622,3.89,108.85,104.88,3.97,3.67,108.56,104.79,3.77
7,1992,7,Boston Celtics,E,A,51.0,31.0,0.622,3.62,111.31,107.5,3.81,3.42,111.19,107.57,3.62
8,1992,8,Golden State Warriors,W,P,55.0,27.0,0.6709999999999999,3.9,114.0,110.44,3.56,3.77,114.22,110.81,3.41
9,1992,9,San Antonio Spurs,W,M,47.0,35.0,0.573,3.32,108.01,104.59,3.42,2.81,107.75,104.88,2.87
10,1992,10,Detroit Pistons,E,C,48.0,34.0,0.585,2.05,108.03,105.94,2.08,2.06,107.81,105.68,2.13
11,1992,11,Indiana Pacers,E,C,40.0,42.0,0.488,1.89,112.37,110.42,1.95,1.85,112.35,110.4,1.95
12,1992,12,Seattle SuperSonics,W,P,47.0,35.0,0.573,1.88,111.37,109.39,1.98,1.86,111.52,109.59,1.93
13,1992,13,Los Angeles Clippers,W,P,45.0,37.0,0.5489999999999999,1.07,106.3,105.22,1.08,1.1,106.18,105.1,1.08
14,1992,14,Los Angeles Lakers,W,P,43.0,39.0,0.524,-1.1,108.38,109.53,-1.15,-0.95,108.52,109.55,-1.02
15,1992,15,Atlanta Hawks,E,C,38.0,44.0,0.46299999999999997,-1.5,107.78,109.27,-1.49,-1.15,107.8,108.9,-1.1
16,1992,16,New Jersey Nets,E,A,40.0,42.0,0.488,-1.7,107.51,109.09,-1.58,-1.54,107.52,108.92,-1.4
17,1992,17,Philadelphia 76ers,E,A,35.0,47.0,0.42700000000000005,-1.27,108.92,110.36,-1.44,-1.34,108.89,110.37,-1.48
18,1992,18,Milwaukee Bucks,E,C,31.0,51.0,0.37799999999999995,-1.72,109.58,111.37,-1.8,-1.46,109.68,111.17,-1.49
19,1992,19,Houston Rockets,W,M,42.0,40.0,0.512,-1.72,106.75,108.66,-1.91,-1.94,106.75,108.91,-2.16
20,1992,20,Charlotte Hornets,E,C,31.0,51.0,0.37799999999999995,-3.9,107.75,111.38,-3.63,-3.57,107.8,111.08,-3.28
21,1992,21,Miami Heat,E,A,38.0,44.0,0.46299999999999997,-4.21,107.36,111.64,-4.27,-3.94,107.49,111.46,-3.97
22,1992,22,Washington Bullets,E,A,25.0,57.0,0.305,-4.46,104.3,108.98,-4.68,-4.35,104.17,108.7,-4.53
23,1992,23,Sacramento Kings,W,P,29.0,53.0,0.354,-6.06,104.52,110.33,-5.81,-5.62,104.7,110.12,-5.42
24,1992,24,Orlando Magic,E,A,21.0,61.0,0.256,-6.91,103.96,111.04,-7.08,-6.52,104.05,110.7,-6.65
25,1992,25,Minnesota Timberwolves,W,M,15.0,67.0,0.183,-7.05,105.72,113.03,-7.3,-6.85,106.07,113.19,-7.12
26,1992,26,Denver Nuggets,W,M,24.0,58.0,0.293,-7.87,101.28,109.14,-7.86,-7.58,101.34,108.95,-7.61
27,1992,27,Dallas Mavericks,W,M,22.0,60.0,0.268,-7.65,103.48,111.57,-8.09,-7.46,103.68,111.6,-7.92
0,1993,0,,,,,,,,,,,,,,
1,1993,1,Seattle SuperSonics,W,P,55.0,27.0,0.6709999999999999,7.07,112.89,105.72,7.17,6.66,112.71,105.98,6.73
2,1993,2,Chicago Bulls,E,C,57.0,25.0,0.695,6.29,113.65,107.03,6.62,6.19,113.58,107.07,6.51
3,1993,3,Cleveland Cavaliers,E,C,54.0,28.0,0.659,6.45,113.29,106.68,6.6,6.3,113.22,106.75,6.46
4,1993,4,Phoenix Suns,W,P,62.0,20.0,0.7559999999999999,6.66,113.96,107.39,6.58,6.27,113.89,107.72,6.17
5,1993,5,New York Knicks,E,A,60.0,22.0,0.732,6.16,106.75,100.33,6.42,5.87,106.32,100.19,6.13
6,1993,6,Houston Rockets,W,M,55.0,27.0,0.6709999999999999,4.23,110.25,105.67,4.58,3.57,109.93,106.05,3.88
7,1993,7,Portland Trail Blazers,W,P,51.0,31.0,0.622,3.11,108.85,105.83,3.02,2.92,108.66,105.84,2.82
8,1993,8,San Antonio Spurs,W,M,49.0,33.0,0.598,2.67,110.2,107.44,2.76,2.21,110.04,107.76,2.28
9,1993,9,Utah Jazz,W,M,47.0,35.0,0.573,2.17,110.1,107.82,2.27,1.74,109.96,108.13,1.83
10,1993,10,Indiana Pacers,E,C,41.0,41.0,0.5,1.7,112.57,110.91,1.66,1.77,112.7,110.95,1.75
11,1993,11,Orlando Magic,E,A,41.0,41.0,0.5,1.32,109.06,107.75,1.31,1.35,109.07,107.71,1.35
12,1993,12,New Jersey Nets,E,A,43.0,39.0,0.524,1.26,107.19,105.91,1.28,1.2,107.04,105.81,1.23
13,1993,13,Boston Celtics,E,A,48.0,34.0,0.585,0.89,109.3,108.44,0.86,0.93,109.41,108.49,0.92
14,1993,14,Los Angeles Clippers,W,P,41.0,41.0,0.5,0.35,107.99,107.71,0.27,0.32,107.91,107.68,0.23
15,1993,15,Charlotte Hornets,E,C,44.0,38.0,0.537,-0.24,110.22,110.55,-0.33,-0.02,110.32,110.41,-0.09
16,1993,16,Atlanta Hawks,E,C,43.0,39.0,0.524,-0.87,109.91,110.79,-0.88,-0.67,110.04,110.71,-0.67
17,1993,17,Miami Heat,E,A,36.0,46.0,0.439,-1.15,108.51,109.67,-1.16,-0.93,108.73,109.67,-0.94
18,1993,18,Detroit Pistons,E,C,40.0,42.0,0.488,-1.39,108.0,109.34,-1.34,-1.1,108.02,109.06,-1.04
19,1993,19,Golden State Warriors,W,P,34.0,48.0,0.415,-0.99,109.62,110.78,-1.16,-0.94,109.74,110.86,-1.12
20,1993,20,Los Angeles Lakers,W,P,39.0,43.0,0.47600000000000003,-1.27,108.1,109.46,-1.36,-1.2,108.13,109.44,-1.31
21,1993,21,Denver Nuggets,W,M,36.0,46.0,0.439,-1.74,105.19,106.98,-1.79,-2.14,104.91,107.1,-2.19
22,1993,22,Sacramento Kings,W,P,25.0,57.0,0.305,-3.17,107.06,110.26,-3.2,-3.0,107.14,110.18,-3.04
23,1993,23,Milwaukee Bucks,E,C,28.0,54.0,0.341,-3.73,106.78,110.8,-4.02,-3.26,106.91,110.43,-3.52
24,1993,24,Philadelphia 76ers,E,A,26.0,56.0,0.317,-5.77,105.3,110.94,-5.65,-5.25,105.6,110.73,-5.12
25,1993,25,Washington Bullets,E,A,22.0,60.0,0.268,-7.04,104.23,111.39,-7.16,-6.49,104.53,111.13,-6.59
26,1993,26,Minnesota Timberwolves,W,M,19.0,63.0,0.23199999999999998,-7.78,104.4,112.65,-8.25,-7.62,104.56,112.63,-8.07
27,1993,27,Dallas Mavericks,W,M,11.0,71.0,0.134,-15.2,100.39,115.5,-15.11,-14.68,100.7,115.31,-14.61
0,1994,0,,,,,,,,,,,,,,
1,1994,1,Seattle SuperSonics,W,P,63.0,19.0,0.768,9.09,111.79,102.54,9.25,8.68,111.55,102.71,8.84
2,1994,2,New York Knicks,E,A,57.0,25.0,0.695,6.99,106.3,98.86,7.44,6.48,105.75,98.84,6.9
3,1994,3,San Antonio Spurs,W,M,55.0,27.0,0.6709999999999999,5.26,111.19,105.49,5.7,5.05,111.31,105.83,5.47
4,1994,4,Atlanta Hawks,E,C,57.0,25.0,0.695,5.27,107.71,102.37,5.33,4.94,107.43,102.43,5.0
5,1994,5,Phoenix Suns,W,P,56.0,26.0,0.6829999999999999,4.84,112.34,107.39,4.94,4.68,112.4,107.62,4.78
6,1994,6,Houston Rockets,W,M,58.0,24.0,0.7070000000000001,4.32,106.42,101.95,4.47,4.19,106.27,101.93,4.34
7,1994,7,Utah Jazz,W,M,53.0,29.0,0.6459999999999999,4.22,109.21,104.77,4.43,4.1,109.28,104.97,4.31
8,1994,8,Cleveland Cavaliers,E,C,47.0,35.0,0.573,4.02,110.05,105.82,4.23,3.64,109.85,106.03,3.83
9,1994,9,Orlando Magic,E,A,50.0,32.0,0.61,3.89,111.28,107.34,3.94,3.68,111.29,107.57,3.73
10,1994,10,Indiana Pacers,E,C,47.0,35.0,0.573,3.45,108.49,105.06,3.43,3.26,108.4,105.16,3.24
11,1994,11,Chicago Bulls,E,C,55.0,27.0,0.6709999999999999,3.09,106.85,103.54,3.31,2.87,106.62,103.54,3.08
12,1994,12,Portland Trail Blazers,W,P,47.0,35.0,0.573,2.63,108.87,106.23,2.64,2.6,108.84,106.24,2.6
13,1994,13,Miami Heat,E,A,42.0,40.0,0.512,2.67,110.21,107.34,2.88,2.4,110.13,107.54,2.59
14,1994,14,New Jersey Nets,E,A,45.0,37.0,0.5489999999999999,2.2,107.73,105.38,2.34,2.11,107.65,105.39,2.25
15,1994,15,Golden State Warriors,W,P,50.0,32.0,0.61,1.74,108.75,107.02,1.73,1.76,108.77,107.02,1.75
16,1994,16,Denver Nuggets,W,M,42.0,40.0,0.512,1.49,104.58,103.14,1.45,1.54,104.49,102.98,1.51
17,1994,17,Charlotte Hornets,E,C,41.0,41.0,0.5,-0.22,108.98,109.11,-0.12,-0.23,109.11,109.25,-0.13
18,1994,18,Los Angeles Lakers,W,P,33.0,49.0,0.402,-4.29,105.48,109.89,-4.42,-3.93,105.66,109.71,-4.04
19,1994,19,Boston Celtics,E,A,32.0,50.0,0.39,-4.28,104.91,109.45,-4.54,-4.27,104.87,109.4,-4.53
20,1994,20,Los Angeles Clippers,W,P,27.0,55.0,0.32899999999999996,-5.72,103.66,109.31,-5.65,-5.28,103.8,109.01,-5.21
21,1994,21,Sacramento Kings,W,P,28.0,54.0,0.341,-5.77,104.01,109.83,-5.82,-5.32,104.19,109.56,-5.37
22,1994,22,Milwaukee Bucks,E,C,20.0,62.0,0.244,-6.48,103.18,109.97,-6.79,-6.24,103.24,109.79,-6.55
23,1994,23,Minnesota Timberwolves,W,M,20.0,62.0,0.244,-6.93,102.62,109.88,-7.26,-6.54,102.88,109.75,-6.86
24,1994,24,Washington Bullets,E,A,24.0,58.0,0.293,-7.38,105.07,112.82,-7.75,-7.13,105.32,112.81,-7.49
25,1994,25,Philadelphia 76ers,E,A,25.0,57.0,0.305,-7.62,102.32,110.27,-7.95,-7.37,102.41,110.09,-7.69
26,1994,26,Detroit Pistons,E,C,20.0,62.0,0.244,-7.78,103.33,111.39,-8.06,-7.45,103.52,111.25,-7.73
27,1994,27,Dallas Mavericks,W,M,13.0,69.0,0.159,-8.7,101.16,110.31,-9.15,-8.19,101.45,110.07,-8.62
0,1995,0,,,,,,,,,,,,,,
1,1995,1,Utah Jazz,W,M,60.0,22.0,0.732,7.99,115.18,106.48,8.7,7.75,115.0,106.58,8.43
2,1995,2,Seattle SuperSonics,W,P,57.0,25.0,0.695,8.18,115.51,107.06,8.45,7.91,115.34,107.19,8.16
3,1995,3,Orlando Magic,E,A,57.0,25.0,0.695,7.06,115.89,108.48,7.41,6.44,115.9,109.13,6.77
4,1995,4,San Antonio Spurs,W,M,62.0,20.0,0.7559999999999999,5.96,112.31,106.04,6.27,5.9,112.13,105.93,6.19
5,1995,5,Chicago Bulls,E,C,47.0,35.0,0.573,4.83,110.15,105.13,5.02,4.31,110.0,105.51,4.49
6,1995,6,Phoenix Suns,W,P,59.0,23.0,0.72,3.88,115.01,111.06,3.95,3.85,115.09,111.17,3.92
7,1995,7,Portland Trail Blazers,W,P,44.0,38.0,0.537,3.82,110.2,106.35,3.85,3.79,109.98,106.16,3.82
8,1995,8,Indiana Pacers,E,C,52.0,30.0,0.634,3.7,110.54,106.36,4.18,3.35,110.52,106.71,3.81
9,1995,9,Charlotte Hornets,E,C,50.0,32.0,0.61,3.28,110.4,106.75,3.65,2.86,110.31,107.1,3.21
10,1995,10,New York Knicks,E,A,55.0,27.0,0.6709999999999999,3.11,107.95,104.41,3.54,2.78,107.7,104.51,3.18
11,1995,11,Houston Rockets,W,M,47.0,35.0,0.573,2.12,110.41,108.16,2.25,2.32,110.37,107.93,2.44
12,1995,12,Atlanta Hawks,E,C,42.0,40.0,0.512,1.28,107.04,105.76,1.28,1.05,106.97,105.91,1.06
13,1995,13,Denver Nuggets,W,M,41.0,41.0,0.5,0.84,109.73,108.92,0.81,0.95,109.66,108.75,0.91
14,1995,14,Cleveland Cavaliers,E,C,43.0,39.0,0.524,0.62,106.36,105.7,0.66,0.55,106.36,105.77,0.6
15,1995,15,Los Angeles Lakers,W,P,48.0,34.0,0.585,-0.22,109.95,110.16,-0.22,-0.01,109.95,109.96,-0.01
16,1995,16,Sacramento Kings,W,P,39.0,43.0,0.47600000000000003,-1.0,106.27,107.3,-1.02,-0.75,106.09,106.86,-0.77
17,1995,17,Miami Heat,E,A,32.0,50.0,0.39,-1.63,108.91,110.59,-1.68,-1.85,109.01,110.91,-1.9
18,1995,18,Boston Celtics,E,A,35.0,47.0,0.42700000000000005,-1.88,109.26,111.22,-1.96,-1.92,109.43,111.43,-2.0
19,1995,19,Dallas Mavericks,W,M,36.0,46.0,0.439,-2.9,108.01,111.02,-3.01,-2.4,108.12,110.61,-2.49
20,1995,20,New Jersey Nets,E,A,30.0,52.0,0.366,-3.13,105.85,109.3,-3.45,-3.28,105.88,109.46,-3.58
21,1995,21,Milwaukee Bucks,E,C,34.0,48.0,0.415,-4.37,106.98,111.46,-4.48,-4.3,107.18,111.58,-4.4
22,1995,22,Golden State Warriors,W,P,26.0,56.0,0.317,-5.41,107.13,112.77,-5.64,-4.91,107.28,112.41,-5.12
23,1995,23,Philadelphia 76ers,E,A,24.0,58.0,0.293,-5.07,104.8,110.36,-5.56,-5.07,104.83,110.36,-5.53
24,1995,24,Washington Bullets,E,A,21.0,61.0,0.256,-5.6,105.93,111.83,-5.9,-5.56,106.06,111.91,-5.85
25,1995,25,Detroit Pistons,E,C,28.0,54.0,0.341,-7.29,105.66,113.42,-7.76,-7.09,105.98,113.51,-7.52
26,1995,26,Minnesota Timberwolves,W,M,21.0,61.0,0.256,-9.0,103.48,113.19,-9.71,-8.22,103.69,112.58,-8.89
27,1995,27,Los Angeles Clippers,W,P,17.0,65.0,0.207,-9.16,102.16,111.8,-9.64,-8.44,102.24,111.13,-8.9
0,1996,0,,,,,,,,,,,,,,
1,1996,1,Chicago Bulls,E,C,72.0,10.0,0.878,12.24,116.0,102.51,13.49,11.8,115.72,102.71,13.01
2,1996,2,Seattle SuperSonics,W,P,64.0,18.0,0.78,7.79,111.19,103.02,8.17,7.39,110.95,103.22,7.73
3,1996,3,Utah Jazz,W,M,55.0,27.0,0.6709999999999999,6.59,114.0,106.64,7.37,6.24,113.95,106.98,6.96
4,1996,4,San Antonio Spurs,W,M,59.0,23.0,0.72,6.3,110.86,104.1,6.75,5.97,110.67,104.29,6.38
5,1996,5,Orlando Magic,E,A,60.0,22.0,0.732,5.56,113.57,107.76,5.81,5.39,113.58,107.93,5.65
6,1996,6,Los Angeles Lakers,W,P,53.0,29.0,0.6459999999999999,4.45,112.06,107.43,4.64,4.21,112.04,107.68,4.36
7,1996,7,Indiana Pacers,E,C,52.0,30.0,0.634,3.24,111.64,108.06,3.57,3.1,111.56,108.13,3.44
8,1996,8,Cleveland Cavaliers,E,C,47.0,35.0,0.573,2.59,110.82,107.72,3.11,2.49,110.76,107.76,3.0
9,1996,9,Detroit Pistons,E,C,46.0,36.0,0.561,2.5,108.88,105.9,2.98,2.45,108.77,105.84,2.93
10,1996,10,New York Knicks,E,A,47.0,35.0,0.573,2.32,106.75,104.29,2.45,2.24,106.59,104.2,2.39
11,1996,11,Portland Trail Blazers,W,P,44.0,38.0,0.537,2.35,106.65,104.18,2.47,2.21,106.45,104.16,2.3
12,1996,12,Houston Rockets,W,M,48.0,34.0,0.585,1.74,109.86,108.08,1.78,1.63,109.86,108.22,1.64
13,1996,13,Miami Heat,E,A,42.0,40.0,0.512,1.43,105.99,104.52,1.47,1.45,105.89,104.37,1.52
14,1996,14,Atlanta Hawks,E,C,46.0,36.0,0.561,1.22,110.17,108.78,1.39,1.28,110.18,108.71,1.47
15,1996,15,Washington Bullets,E,A,39.0,43.0,0.47600000000000003,1.06,109.26,108.25,1.0,0.98,109.2,108.26,0.94
16,1996,16,Phoenix Suns,W,P,41.0,41.0,0.5,0.33,110.74,110.52,0.22,0.28,110.87,110.72,0.15
17,1996,17,Charlotte Hornets,E,C,41.0,41.0,0.5,-0.57,112.01,112.59,-0.58,-0.49,112.14,112.61,-0.47
18,1996,18,Golden State Warriors,W,P,36.0,46.0,0.439,-1.45,109.03,110.63,-1.6,-1.42,109.16,110.74,-1.58
19,1996,19,Sacramento Kings,W,P,39.0,43.0,0.47600000000000003,-2.71,106.92,109.8,-2.87,-2.62,107.0,109.8,-2.8
20,1996,20,Denver Nuggets,W,M,35.0,47.0,0.42700000000000005,-2.71,105.89,108.8,-2.91,-2.62,105.92,108.75,-2.83
21,1996,21,Boston Celtics,E,A,33.0,49.0,0.402,-3.4,106.93,110.6,-3.67,-3.37,106.92,110.55,-3.63
22,1996,22,Los Angeles Clippers,W,P,29.0,53.0,0.354,-3.6,107.22,111.1,-3.88,-3.47,107.37,111.12,-3.76
23,1996,23,New Jersey Nets,E,A,30.0,52.0,0.366,-4.23,102.77,107.24,-4.47,-4.14,102.72,107.08,-4.37
24,1996,24,Dallas Mavericks,W,M,26.0,56.0,0.317,-4.9,106.46,111.69,-5.23,-4.71,106.63,111.68,-5.05
25,1996,25,Milwaukee Bucks,E,C,25.0,57.0,0.305,-5.3,106.46,112.28,-5.82,-4.93,106.64,112.03,-5.39
26,1996,26,Minnesota Timberwolves,W,M,26.0,56.0,0.317,-5.35,104.88,110.58,-5.7,-5.14,104.99,110.48,-5.49
27,1996,27,Toronto Raptors,E,C,21.0,61.0,0.256,-7.51,104.74,112.75,-8.01,-7.2,104.87,112.54,-7.66
28,1996,28,Philadelphia 76ers,E,A,18.0,64.0,0.22,-10.0,102.84,113.77,-10.93,-9.45,103.12,113.44,-10.32
29,1996,29,Vancouver Grizzlies,W,M,15.0,67.0,0.183,-9.98,98.36,109.35,-10.99,-9.55,98.4,108.94,-10.54
0,1997,0,,,,,,,,,,,,,,
1,1997,1,Chicago Bulls,E,C,69.0,13.0,0.841,10.8,114.88,102.99,11.9,10.7,115.01,103.19,11.82
2,1997,2,Utah Jazz,W,M,64.0,18.0,0.78,8.79,114.41,104.75,9.66,7.97,113.94,105.23,8.72
3,1997,3,Seattle SuperSonics,W,P,57.0,25.0,0.695,7.68,112.02,103.67,8.35,6.91,111.5,104.03,7.47
4,1997,4,Miami Heat,E,A,61.0,21.0,0.7440000000000001,5.49,107.67,101.38,6.3,5.56,107.71,101.31,6.4
5,1997,5,Detroit Pistons,E,C,54.0,28.0,0.659,5.24,111.44,105.29,6.15,5.44,111.68,105.3,6.38
6,1997,6,Atlanta Hawks,E,C,56.0,26.0,0.6829999999999999,5.44,109.37,103.26,6.1,5.52,109.42,103.2,6.22
7,1997,7,Houston Rockets,W,M,57.0,25.0,0.695,4.48,109.31,104.57,4.74,3.85,108.82,104.8,4.02
8,1997,8,Portland Trail Blazers,W,P,49.0,33.0,0.598,4.17,108.59,104.05,4.54,3.56,108.07,104.24,3.83
9,1997,9,Los Angeles Lakers,W,P,56.0,26.0,0.6829999999999999,4.27,108.84,104.44,4.4,3.66,108.34,104.65,3.7
10,1997,10,New York Knicks,E,A,57.0,25.0,0.695,3.12,105.26,101.9,3.36,3.31,105.29,101.68,3.61
11,1997,11,Cleveland Cavaliers,E,C,42.0,40.0,0.512,1.84,105.44,103.38,2.06,2.32,105.7,103.08,2.61
12,1997,12,Charlotte Hornets,E,C,54.0,28.0,0.659,1.87,111.64,109.59,2.04,2.13,112.02,109.65,2.37
13,1997,13,Washington Bullets,E,A,44.0,38.0,0.537,1.62,107.3,105.63,1.67,1.77,107.47,105.59,1.88
14,1997,14,Indiana Pacers,E,C,39.0,43.0,0.47600000000000003,0.98,106.98,105.88,1.1,1.49,107.36,105.67,1.69
15,1997,15,Phoenix Suns,W,P,40.0,42.0,0.488,0.66,109.97,109.17,0.81,0.21,109.71,109.44,0.27
16,1997,16,Orlando Magic,E,A,45.0,37.0,0.5489999999999999,-0.35,106.36,106.85,-0.49,-0.07,106.67,106.8,-0.14
17,1997,17,Milwaukee Bucks,E,C,33.0,49.0,0.402,-1.89,106.73,108.92,-2.19,-1.38,107.12,108.7,-1.59
18,1997,18,Minnesota Timberwolves,W,M,40.0,42.0,0.488,-1.48,106.25,107.97,-1.72,-1.82,105.92,108.06,-2.13
19,1997,19,Toronto Raptors,E,C,30.0,52.0,0.366,-3.12,105.33,108.86,-3.53,-2.56,105.71,108.57,-2.87
20,1997,20,Los Angeles Clippers,W,P,36.0,46.0,0.439,-2.35,105.91,108.51,-2.6,-2.66,105.6,108.58,-2.98
21,1997,21,Sacramento Kings,W,P,34.0,48.0,0.415,-3.38,105.61,109.41,-3.8,-3.64,105.35,109.47,-4.12
22,1997,22,New Jersey Nets,E,A,26.0,56.0,0.317,-4.56,105.47,110.47,-5.0,-3.89,106.0,110.22,-4.22
23,1997,23,Golden State Warriors,W,P,30.0,52.0,0.366,-4.71,108.01,113.09,-5.08,-4.9,107.93,113.27,-5.34
24,1997,24,Philadelphia 76ers,E,A,22.0,60.0,0.268,-6.54,105.33,112.08,-6.75,-5.89,105.88,111.9,-6.02
25,1997,25,Boston Celtics,E,A,15.0,67.0,0.183,-7.33,104.5,112.12,-7.62,-6.62,105.0,111.82,-6.82
26,1997,26,Denver Nuggets,W,M,21.0,61.0,0.256,-6.28,105.43,112.09,-6.66,-6.4,105.3,112.15,-6.85
27,1997,27,Dallas Mavericks,W,M,24.0,58.0,0.293,-6.35,102.09,109.3,-7.21,-6.47,101.81,109.18,-7.37
28,1997,28,San Antonio Spurs,W,M,20.0,62.0,0.244,-7.88,104.22,113.16,-8.94,-7.93,104.14,113.15,-9.02
29,1997,29,Vancouver Grizzlies,W,M,14.0,68.0,0.171,-10.23,101.27,112.87,-11.6,-10.17,101.16,112.72,-11.55
0,1998,0,,,,,,,,,,,,,,
1,1998,1,Chicago Bulls,E,C,62.0,20.0,0.7559999999999999,7.11,108.71,100.86,7.85,7.24,108.88,100.87,8.0
2,1998,2,Los Angeles Lakers,W,P,61.0,21.0,0.7440000000000001,7.74,112.51,104.48,8.03,6.88,112.02,104.92,7.1
3,1998,3,Indiana Pacers,E,C,58.0,24.0,0.7070000000000001,6.09,109.32,102.52,6.79,6.25,109.56,102.58,6.98
4,1998,4,Seattle SuperSonics,W,P,61.0,21.0,0.7440000000000001,7.17,112.39,104.68,7.7,6.33,111.91,105.12,6.79
5,1998,5,Utah Jazz,W,M,62.0,20.0,0.7559999999999999,6.54,113.22,105.87,7.35,5.73,112.8,106.35,6.45
6,1998,6,Miami Heat,E,A,55.0,27.0,0.6709999999999999,4.93,108.47,102.81,5.65,5.09,108.69,102.85,5.83
7,1998,7,Phoenix Suns,W,P,56.0,26.0,0.6829999999999999,5.18,108.27,102.49,5.78,4.44,107.68,102.73,4.95
8,1998,8,Atlanta Hawks,E,C,50.0,32.0,0.61,3.51,109.12,105.25,3.87,3.85,109.56,105.31,4.25
9,1998,9,San Antonio Spurs,W,M,56.0,26.0,0.6829999999999999,3.99,104.7,100.22,4.48,3.3,103.99,100.28,3.71
10,1998,10,Cleveland Cavaliers,E,C,47.0,35.0,0.573,2.73,102.87,99.95,2.92,3.06,102.94,99.65,3.29
11,1998,11,New York Knicks,E,A,43.0,39.0,0.524,2.46,103.83,101.1,2.73,2.74,103.91,100.87,3.05
12,1998,12,Charlotte Hornets,E,C,51.0,31.0,0.622,2.0,108.23,106.16,2.08,2.45,108.69,106.11,2.59
13,1998,13,Detroit Pistons,E,C,37.0,45.0,0.451,1.57,106.33,104.56,1.77,1.95,106.65,104.47,2.19
14,1998,14,New Jersey Nets,E,A,43.0,39.0,0.524,1.57,109.14,107.35,1.78,1.89,109.61,107.48,2.13
15,1998,15,Washington Wizards,E,A,42.0,40.0,0.512,0.59,105.83,105.26,0.57,1.11,106.23,105.07,1.16
16,1998,16,Portland Trail Blazers,W,P,46.0,36.0,0.561,1.4,104.59,103.04,1.55,0.83,104.01,103.09,0.92
17,1998,17,Minnesota Timberwolves,W,M,45.0,37.0,0.5489999999999999,0.71,108.48,107.77,0.71,0.17,108.14,108.02,0.12
18,1998,18,Orlando Magic,E,A,41.0,41.0,0.5,-1.07,103.34,104.6,-1.26,-0.53,103.7,104.35,-0.65
19,1998,19,Houston Rockets,W,M,41.0,41.0,0.5,-0.76,108.3,109.21,-0.9,-1.22,108.04,109.46,-1.42
20,1998,20,Milwaukee Bucks,E,C,36.0,46.0,0.439,-1.91,104.2,106.36,-2.16,-1.33,104.63,106.14,-1.51
21,1998,21,Boston Celtics,E,A,36.0,46.0,0.439,-2.62,103.4,106.29,-2.89,-1.96,103.93,106.08,-2.16
22,1998,22,Philadelphia 76ers,E,A,31.0,51.0,0.37799999999999995,-2.39,103.56,106.31,-2.75,-1.89,103.96,106.14,-2.19
23,1998,23,Sacramento Kings,W,P,27.0,55.0,0.32899999999999996,-5.59,101.54,107.7,-6.16,-5.83,101.19,107.62,-6.43
24,1998,24,Dallas Mavericks,W,M,20.0,62.0,0.244,-6.11,101.52,108.21,-6.7,-6.33,101.19,108.13,-6.94
25,1998,25,Vancouver Grizzlies,W,M,19.0,63.0,0.23199999999999998,-7.3,104.95,112.83,-7.88,-7.47,104.86,112.93,-8.07
26,1998,26,Los Angeles Clippers,W,P,17.0,65.0,0.207,-7.37,104.06,112.06,-7.99,-7.53,103.93,112.11,-8.18
27,1998,27,Toronto Raptors,E,C,16.0,66.0,0.195,-9.27,101.74,111.73,-9.99,-8.32,102.45,111.4,-8.95
28,1998,28,Golden State Warriors,W,P,19.0,63.0,0.23199999999999998,-9.12,96.53,106.31,-9.79,-9.2,96.09,105.98,-9.89
29,1998,29,Denver Nuggets,W,M,11.0,71.0,0.134,-11.78,99.93,113.1,-13.16,-11.74,99.84,112.95,-13.11
0,1999,0,,,,,,,,,,,,,,
1,1999,1,San Antonio Spurs,W,M,37.0,13.0,0.74,8.06,105.08,95.9,9.19,7.12,103.97,95.84,8.13
2,1999,2,Utah Jazz,W,M,37.0,13.0,0.74,6.52,106.47,99.06,7.41,5.54,105.27,98.96,6.31
3,1999,3,Portland Trail Blazers,W,P,35.0,15.0,0.7,6.36,105.54,98.5,7.03,5.67,104.49,98.24,6.26
4,1999,4,Miami Heat,E,A,33.0,17.0,0.66,4.96,105.76,99.91,5.85,5.11,106.23,100.23,6.0
5,1999,5,Detroit Pistons,E,C,29.0,21.0,0.58,3.42,105.28,101.14,4.14,3.97,106.21,101.48,4.74
6,1999,6,Indiana Pacers,E,C,33.0,17.0,0.66,3.74,109.68,105.34,4.34,3.86,110.56,106.1,4.47
7,1999,7,Orlando Magic,E,A,33.0,17.0,0.66,2.6,100.84,98.0,2.84,3.11,101.48,98.06,3.42
8,1999,8,Atlanta Hawks,E,C,31.0,19.0,0.62,2.9,101.41,98.09,3.32,2.82,101.55,98.33,3.23
9,1999,9,Philadelphia 76ers,E,A,28.0,22.0,0.56,2.06,100.91,98.67,2.24,2.56,101.52,98.73,2.79
10,1999,10,Los Angeles Lakers,W,P,31.0,19.0,0.62,3.02,108.16,105.02,3.15,2.67,107.69,104.91,2.78
11,1999,11,Phoenix Suns,W,P,27.0,23.0,0.54,2.26,106.88,104.09,2.78,2.15,106.5,103.85,2.65
12,1999,12,Milwaukee Bucks,E,C,28.0,22.0,0.56,1.66,105.72,103.98,1.74,1.66,106.3,104.56,1.74
13,1999,13,New York Knicks,E,A,27.0,23.0,0.54,1.02,99.41,98.3,1.11,1.45,99.81,98.22,1.6
14,1999,14,Houston Rockets,W,M,31.0,19.0,0.62,2.32,106.13,103.61,2.52,1.39,105.12,103.62,1.5
15,1999,15,Charlotte Hornets,E,C,26.0,24.0,0.52,-0.1,102.99,103.12,-0.13,0.63,103.96,103.28,0.68
16,1999,16,Minnesota Timberwolves,W,M,25.0,25.0,0.5,0.38,102.58,102.08,0.5,-0.17,101.76,101.88,-0.12
17,1999,17,Sacramento Kings,W,P,27.0,23.0,0.54,-0.42,103.24,103.8,-0.56,-0.89,102.64,103.72,-1.08
18,1999,18,Cleveland Cavaliers,E,C,22.0,28.0,0.44,-1.72,100.56,102.74,-2.18,-0.94,101.42,102.73,-1.3
19,1999,19,Seattle SuperSonics,W,P,25.0,25.0,0.5,-1.08,106.0,107.2,-1.21,-1.43,105.48,107.08,-1.6
20,1999,20,Toronto Raptors,E,C,23.0,27.0,0.46,-1.64,102.92,104.91,-1.98,-1.31,103.64,105.26,-1.62
21,1999,21,Washington Wizards,E,A,18.0,32.0,0.36,-2.24,102.09,104.58,-2.5,-1.75,102.84,104.8,-1.96
22,1999,22,Boston Celtics,E,A,19.0,31.0,0.38,-1.86,101.21,103.55,-2.34,-1.75,101.67,103.88,-2.21
23,1999,23,Dallas Mavericks,W,M,19.0,31.0,0.38,-2.4,103.29,105.94,-2.66,-2.5,103.09,105.84,-2.75
24,1999,24,Golden State Warriors,W,P,21.0,29.0,0.42,-2.5,99.25,102.1,-2.86,-2.63,98.37,101.37,-3.0
25,1999,25,New Jersey Nets,E,A,16.0,34.0,0.32,-3.78,100.39,104.52,-4.13,-3.2,100.85,104.33,-3.49
26,1999,26,Denver Nuggets,W,M,14.0,36.0,0.28,-6.6,103.74,111.19,-7.45,-6.67,103.33,110.85,-7.52
27,1999,27,Chicago Bulls,E,C,13.0,37.0,0.26,-9.46,93.36,103.96,-10.6,-8.58,94.04,103.65,-9.61
28,1999,28,Los Angeles Clippers,W,P,9.0,41.0,0.18,-8.82,100.95,110.78,-9.83,-8.94,100.7,110.68,-9.98
29,1999,29,Vancouver Grizzlies,W,M,8.0,42.0,0.16,-8.66,99.16,108.9,-9.73,-8.94,98.49,108.53,-10.04
0,2000,0,,,,,,,,,,,,,,
1,2000,1,Los Angeles Lakers,W,P,67.0,15.0,0.8170000000000001,8.55,107.85,98.79,9.05,8.41,107.66,98.75,8.92
2,2000,2,Portland Trail Blazers,W,P,59.0,23.0,0.72,6.4,108.75,101.67,7.08,6.37,108.71,101.68,7.03
3,2000,3,San Antonio Spurs,W,M,53.0,29.0,0.6459999999999999,5.94,105.83,99.45,6.38,5.93,105.67,99.3,6.37
4,2000,4,Phoenix Suns,W,P,53.0,29.0,0.6459999999999999,5.22,105.04,99.66,5.38,5.24,104.9,99.48,5.41
5,2000,5,Utah Jazz,W,M,55.0,27.0,0.6709999999999999,4.46,107.97,103.09,4.88,4.52,108.0,103.06,4.94
6,2000,6,Indiana Pacers,E,C,56.0,26.0,0.6829999999999999,4.6,109.17,104.21,4.95,4.16,109.05,104.58,4.47
7,2000,7,Sacramento Kings,W,P,44.0,38.0,0.537,2.91,105.62,102.58,3.04,3.04,105.61,102.43,3.19
8,2000,8,Minnesota Timberwolves,W,M,50.0,32.0,0.61,2.52,106.98,104.1,2.87,2.67,107.05,104.03,3.02
9,2000,9,Miami Heat,E,A,52.0,30.0,0.634,3.11,105.39,102.08,3.31,2.75,105.16,102.24,2.92
10,2000,10,Charlotte Hornets,E,C,49.0,33.0,0.598,2.67,105.0,102.22,2.79,2.34,104.84,102.41,2.43
11,2000,11,New York Knicks,E,A,50.0,32.0,0.61,1.46,103.1,101.53,1.58,1.3,102.89,101.48,1.4
12,2000,12,Detroit Pistons,E,C,42.0,40.0,0.512,1.44,108.14,106.54,1.6,1.13,108.18,106.91,1.27
13,2000,13,Seattle SuperSonics,W,P,45.0,37.0,0.5489999999999999,0.95,106.19,105.33,0.87,1.17,106.32,105.21,1.11
14,2000,14,Philadelphia 76ers,E,A,49.0,33.0,0.598,1.34,102.24,100.8,1.44,1.02,102.0,100.91,1.09
15,2000,15,Orlando Magic,E,A,41.0,41.0,0.5,0.68,103.35,102.37,0.97,0.43,103.13,102.44,0.69
16,2000,16,Milwaukee Bucks,E,C,42.0,40.0,0.512,0.22,109.07,108.82,0.25,-0.05,109.15,109.19,-0.05
17,2000,17,Dallas Mavericks,W,M,40.0,42.0,0.488,-0.57,107.33,107.86,-0.52,-0.28,107.59,107.8,-0.22
18,2000,18,Toronto Raptors,E,C,45.0,37.0,0.5489999999999999,-0.16,105.46,105.53,-0.06,-0.46,105.32,105.71,-0.39
19,2000,19,Houston Rockets,W,M,34.0,48.0,0.415,-0.87,105.53,106.55,-1.02,-0.56,105.72,106.41,-0.69
20,2000,20,Boston Celtics,E,A,35.0,47.0,0.42700000000000005,-0.76,105.41,106.26,-0.85,-1.0,105.46,106.57,-1.11
21,2000,21,New Jersey Nets,E,A,31.0,51.0,0.37799999999999995,-1.04,105.93,107.12,-1.19,-1.18,105.98,107.31,-1.33
22,2000,22,Denver Nuggets,W,M,35.0,47.0,0.42700000000000005,-2.12,104.19,106.44,-2.25,-1.76,104.37,106.23,-1.86
23,2000,23,Washington Wizards,E,A,29.0,53.0,0.354,-3.28,104.29,107.71,-3.42,-3.47,104.3,107.92,-3.62
24,2000,24,Cleveland Cavaliers,E,C,32.0,50.0,0.39,-3.5,101.04,104.85,-3.81,-3.64,100.87,104.83,-3.96
25,2000,25,Vancouver Grizzlies,W,M,22.0,60.0,0.268,-5.62,103.34,109.5,-6.17,-5.1,103.66,109.26,-5.6
26,2000,26,Atlanta Hawks,E,C,28.0,54.0,0.341,-5.38,102.68,108.46,-5.78,-5.41,102.68,108.5,-5.82
27,2000,27,Golden State Warriors,W,P,19.0,63.0,0.23199999999999998,-8.27,100.4,109.04,-8.64,-7.62,100.7,108.65,-7.96
28,2000,28,Chicago Bulls,E,C,17.0,65.0,0.207,-9.4,95.5,105.93,-10.43,-9.23,95.42,105.65,-10.23
29,2000,29,Los Angeles Clippers,W,P,15.0,67.0,0.183,-11.52,98.61,110.91,-12.3,-10.73,99.0,110.44,-11.45
0,2001,0,,,,,,,,,,,,,,
1,2001,1,San Antonio Spurs,W,M,58.0,24.0,0.7070000000000001,7.76,107.36,98.64,8.72,7.92,107.2,98.31,8.89
2,2001,2,Sacramento Kings,W,P,55.0,27.0,0.6709999999999999,5.82,106.32,100.23,6.08,6.07,106.23,99.85,6.38
3,2001,3,Utah Jazz,W,M,53.0,29.0,0.6459999999999999,4.7,108.36,103.17,5.19,5.0,108.42,102.89,5.53
4,2001,4,Dallas Mavericks,W,M,53.0,29.0,0.6459999999999999,4.28,108.0,103.36,4.63,4.6,108.07,103.07,4.99
5,2001,5,Portland Trail Blazers,W,P,50.0,32.0,0.61,4.2,107.08,102.54,4.53,4.52,107.11,102.21,4.9
6,2001,6,Los Angeles Lakers,W,P,56.0,26.0,0.6829999999999999,3.38,109.15,105.56,3.59,3.74,109.33,105.33,4.01
7,2001,7,Philadelphia 76ers,E,A,56.0,26.0,0.6829999999999999,4.28,104.36,99.73,4.63,3.63,104.09,100.17,3.92
8,2001,8,Milwaukee Bucks,E,C,52.0,30.0,0.634,3.88,109.52,105.34,4.18,3.13,109.42,106.06,3.36
9,2001,9,Houston Rockets,W,M,45.0,37.0,0.5489999999999999,2.29,107.6,105.02,2.58,2.71,107.75,104.71,3.04
10,2001,10,Phoenix Suns,W,P,51.0,31.0,0.622,2.21,101.12,98.67,2.45,2.63,100.94,98.03,2.91
11,2001,11,New York Knicks,E,A,48.0,34.0,0.585,2.63,102.12,99.01,3.11,1.98,101.82,99.44,2.38
12,2001,12,Minnesota Timberwolves,W,M,47.0,35.0,0.573,1.35,106.0,104.4,1.61,1.81,106.12,104.01,2.11
13,2001,13,Miami Heat,E,A,50.0,32.0,0.61,2.29,101.88,99.39,2.49,1.72,101.67,99.81,1.87
14,2001,14,Toronto Raptors,E,C,47.0,35.0,0.573,2.26,106.64,104.23,2.41,1.69,106.62,104.83,1.79
15,2001,15,Charlotte Hornets,E,C,46.0,36.0,0.561,2.1,102.57,100.34,2.23,1.45,102.26,100.73,1.52
16,2001,16,Seattle SuperSonics,W,P,44.0,38.0,0.537,0.02,106.53,106.38,0.14,0.55,106.74,106.03,0.71
17,2001,17,Orlando Magic,E,A,43.0,39.0,0.524,0.99,104.05,102.99,1.06,0.38,103.9,103.51,0.39
18,2001,18,Indiana Pacers,E,C,41.0,41.0,0.5,-0.2,102.91,103.09,-0.18,-0.77,102.69,103.51,-0.82
19,2001,19,Denver Nuggets,W,M,40.0,42.0,0.488,-2.46,104.26,107.03,-2.77,-1.83,104.5,106.57,-2.07
20,2001,20,Detroit Pistons,E,C,32.0,50.0,0.39,-1.7,100.61,102.41,-1.79,-2.08,100.46,102.69,-2.23
21,2001,21,Los Angeles Clippers,W,P,31.0,51.0,0.37799999999999995,-2.89,102.25,105.42,-3.17,-2.23,102.41,104.86,-2.45
22,2001,22,Boston Celtics,E,A,36.0,46.0,0.439,-2.13,102.41,104.8,-2.39,-2.4,102.45,105.14,-2.68
23,2001,23,Cleveland Cavaliers,E,C,30.0,52.0,0.366,-4.24,101.1,105.71,-4.6,-4.48,101.16,106.02,-4.87
24,2001,24,Vancouver Grizzlies,W,M,23.0,59.0,0.28,-5.73,100.04,106.39,-6.35,-4.94,100.24,105.72,-5.47
25,2001,25,New Jersey Nets,E,A,26.0,56.0,0.317,-5.05,100.78,106.41,-5.63,-5.3,100.86,106.77,-5.91
26,2001,26,Atlanta Hawks,E,C,25.0,57.0,0.305,-5.21,99.51,105.17,-5.66,-5.55,99.38,105.43,-6.04
27,2001,27,Washington Wizards,E,A,19.0,63.0,0.23199999999999998,-6.67,101.43,108.65,-7.21,-6.75,101.62,108.93,-7.31
28,2001,28,Golden State Warriors,W,P,17.0,65.0,0.207,-9.05,98.41,108.09,-9.68,-8.11,98.68,107.34,-8.65
29,2001,29,Chicago Bulls,E,C,15.0,67.0,0.183,-9.1,98.12,108.33,-10.21,-9.09,98.32,108.52,-10.19
0,2002,0,,,,,,,,,,,,,,
1,2002,1,Sacramento Kings,W,P,61.0,21.0,0.7440000000000001,7.61,109.7,101.62,8.08,7.61,109.48,101.37,8.12
2,2002,2,Los Angeles Lakers,W,P,58.0,24.0,0.7070000000000001,7.12,110.29,102.52,7.77,7.15,110.12,102.3,7.82
3,2002,3,San Antonio Spurs,W,M,58.0,24.0,0.7070000000000001,6.21,107.35,100.38,6.97,6.27,107.06,100.01,7.05
4,2002,4,Dallas Mavericks,W,M,57.0,25.0,0.695,4.26,112.8,108.22,4.59,4.41,112.91,108.13,4.78
5,2002,5,Minnesota Timberwolves,W,M,50.0,32.0,0.61,3.38,109.79,105.97,3.82,3.58,109.78,105.73,4.05
6,2002,6,New Jersey Nets,E,A,52.0,30.0,0.634,4.16,104.78,100.28,4.5,3.67,104.65,100.71,3.94
7,2002,7,Seattle SuperSonics,W,P,45.0,37.0,0.5489999999999999,3.02,109.77,106.3,3.47,3.24,109.78,106.06,3.72
8,2002,8,Portland Trail Blazers,W,P,49.0,33.0,0.598,2.99,108.2,104.84,3.36,3.2,108.13,104.52,3.61
9,2002,9,Boston Celtics,E,A,49.0,33.0,0.598,2.21,104.1,101.7,2.4,1.74,103.95,102.08,1.87
10,2002,10,Detroit Pistons,E,C,50.0,32.0,0.61,2.13,105.77,103.43,2.33,1.69,105.63,103.8,1.83
11,2002,11,Utah Jazz,W,M,44.0,38.0,0.537,0.89,106.57,105.33,1.25,1.2,106.52,104.93,1.6
12,2002,12,Philadelphia 76ers,E,A,43.0,39.0,0.524,1.6,103.12,101.42,1.7,1.27,103.02,101.69,1.33
13,2002,13,Orlando Magic,E,A,44.0,38.0,0.537,1.57,107.71,106.04,1.67,1.25,107.88,106.58,1.3
14,2002,14,Charlotte Hornets,E,C,44.0,38.0,0.537,0.96,105.13,104.06,1.07,0.57,105.02,104.4,0.62
15,2002,15,Indiana Pacers,E,C,42.0,40.0,0.512,0.27,105.09,104.59,0.5,-0.07,105.08,104.98,0.1
16,2002,16,Los Angeles Clippers,W,P,39.0,43.0,0.47600000000000003,-0.46,106.49,106.87,-0.38,-0.09,106.51,106.47,0.05
17,2002,17,Phoenix Suns,W,P,36.0,46.0,0.439,-0.68,104.07,104.71,-0.64,-0.3,103.98,104.19,-0.21
18,2002,18,Milwaukee Bucks,E,C,41.0,41.0,0.5,-0.22,107.78,108.0,-0.22,-0.62,107.93,108.6,-0.68
19,2002,19,Toronto Raptors,E,C,42.0,40.0,0.512,-0.44,103.37,104.04,-0.67,-0.71,103.39,104.37,-0.98
20,2002,20,Washington Wizards,E,A,37.0,45.0,0.451,-1.4,105.67,107.16,-1.49,-1.58,105.92,107.62,-1.7
21,2002,21,Miami Heat,E,A,36.0,46.0,0.439,-1.54,99.28,101.15,-1.88,-1.85,99.08,101.31,-2.22
22,2002,22,Cleveland Cavaliers,E,C,29.0,53.0,0.354,-3.33,105.41,109.17,-3.76,-3.53,105.63,109.62,-3.99
23,2002,23,New York Knicks,E,A,30.0,52.0,0.366,-3.99,102.02,106.38,-4.36,-4.15,102.1,106.66,-4.56
24,2002,24,Atlanta Hawks,E,C,33.0,49.0,0.402,-4.23,102.72,107.4,-4.68,-4.41,102.83,107.73,-4.9
25,2002,25,Houston Rockets,W,M,28.0,54.0,0.341,-4.89,103.93,109.55,-5.62,-4.31,104.08,109.03,-4.95
26,2002,26,Golden State Warriors,W,P,21.0,61.0,0.256,-5.4,103.56,109.28,-5.71,-4.8,103.7,108.74,-5.04
27,2002,27,Denver Nuggets,W,M,27.0,55.0,0.32899999999999996,-5.82,102.34,108.68,-6.35,-5.19,102.44,108.08,-5.64
28,2002,28,Memphis Grizzlies,W,M,23.0,59.0,0.28,-7.44,98.9,107.09,-8.19,-6.74,98.92,106.32,-7.4
29,2002,29,Chicago Bulls,E,C,21.0,61.0,0.256,-8.54,99.05,108.56,-9.51,-8.52,99.21,108.72,-9.5
0,2003,0,,,,,,,,,,,,,,
1,2003,1,Dallas Mavericks,W,M,60.0,22.0,0.732,7.78,111.43,102.89,8.54,7.91,111.52,102.85,8.67
2,2003,2,Sacramento Kings,W,P,59.0,23.0,0.72,6.5,106.45,99.5,6.95,6.68,106.36,99.2,7.16
3,2003,3,San Antonio Spurs,W,M,60.0,22.0,0.732,5.41,106.25,100.29,5.96,5.65,106.2,99.99,6.22
4,2003,4,New Jersey Nets,E,A,49.0,33.0,0.598,5.22,104.42,98.8,5.62,4.42,103.93,99.18,4.75
5,2003,5,Detroit Pistons,E,C,50.0,32.0,0.61,3.68,104.84,100.71,4.14,2.98,104.48,101.11,3.36
6,2003,6,Utah Jazz,W,M,47.0,35.0,0.573,2.39,106.46,103.59,2.87,2.77,106.58,103.3,3.27
7,2003,7,Portland Trail Blazers,W,P,50.0,32.0,0.61,2.61,106.41,103.58,2.83,2.98,106.52,103.29,3.23
8,2003,8,Indiana Pacers,E,C,48.0,34.0,0.585,3.49,105.28,101.55,3.74,2.79,104.96,101.98,2.98
9,2003,9,Los Angeles Lakers,W,P,50.0,32.0,0.61,2.33,107.96,105.55,2.41,2.71,108.18,105.35,2.83
10,2003,10,Minnesota Timberwolves,W,M,51.0,31.0,0.622,2.07,106.81,104.5,2.31,2.46,106.97,104.23,2.73
11,2003,11,Houston Rockets,W,M,43.0,39.0,0.524,1.48,104.96,103.5,1.46,1.89,105.07,103.14,1.93
12,2003,12,Philadelphia 76ers,E,A,48.0,34.0,0.585,2.3,105.78,103.26,2.52,1.76,105.6,103.68,1.93
13,2003,13,Phoenix Suns,W,P,44.0,38.0,0.537,1.13,104.48,103.21,1.27,1.57,104.58,102.83,1.74
14,2003,14,New Orleans Hornets,E,C,47.0,35.0,0.573,2.11,104.61,102.28,2.33,1.52,104.36,102.68,1.69
15,2003,15,Seattle SuperSonics,W,P,40.0,42.0,0.488,-0.12,104.48,104.63,-0.14,0.37,104.64,104.25,0.4
16,2003,16,Milwaukee Bucks,E,C,42.0,40.0,0.512,0.23,109.62,109.36,0.26,-0.24,109.72,109.97,-0.25
17,2003,17,Orlando Magic,E,A,42.0,40.0,0.512,0.13,105.84,105.72,0.12,-0.39,105.75,106.2,-0.45
18,2003,18,Golden State Warriors,W,P,38.0,44.0,0.46299999999999997,-1.13,109.01,110.1,-1.09,-0.59,109.45,109.96,-0.51
19,2003,19,Boston Celtics,E,A,44.0,38.0,0.537,-0.39,101.9,102.33,-0.43,-0.75,101.78,102.59,-0.81
20,2003,20,Washington Wizards,E,A,37.0,45.0,0.451,-1.01,103.82,105.06,-1.25,-1.47,103.75,105.49,-1.74
21,2003,21,New York Knicks,E,A,37.0,45.0,0.451,-1.35,105.34,106.81,-1.47,-1.61,105.37,107.12,-1.75
22,2003,22,Memphis Grizzlies,W,M,28.0,54.0,0.341,-3.23,104.47,108.08,-3.62,-2.59,104.79,107.71,-2.92
23,2003,23,Los Angeles Clippers,W,P,27.0,55.0,0.32899999999999996,-4.12,103.0,107.51,-4.51,-3.44,103.3,107.07,-3.77
24,2003,24,Atlanta Hawks,E,C,35.0,47.0,0.42700000000000005,-3.56,103.1,106.96,-3.86,-3.87,103.07,107.27,-4.19
25,2003,25,Chicago Bulls,E,C,30.0,52.0,0.366,-5.13,101.03,106.3,-5.27,-5.3,100.99,106.45,-5.47
26,2003,26,Miami Heat,E,A,25.0,57.0,0.305,-5.05,97.53,103.31,-5.78,-5.13,97.37,103.23,-5.87
27,2003,27,Toronto Raptors,E,C,24.0,58.0,0.293,-5.87,101.37,107.99,-6.62,-6.09,101.36,108.21,-6.85
28,2003,28,Denver Nuggets,W,M,17.0,65.0,0.207,-8.28,93.2,102.26,-9.06,-7.41,93.22,101.33,-8.11
29,2003,29,Cleveland Cavaliers,E,C,17.0,65.0,0.207,-9.62,97.25,107.48,-10.23,-9.58,97.25,107.45,-10.2
0,2004,0,,,,,,,,,,,,,,
1,2004,1,San Antonio Spurs,W,M,57.0,25.0,0.695,7.22,103.01,94.79,8.23,7.51,102.62,94.09,8.53
2,2004,2,Minnesota Timberwolves,W,M,58.0,24.0,0.7070000000000001,5.49,106.53,100.3,6.23,5.86,106.41,99.79,6.62
3,2004,3,Sacramento Kings,W,P,55.0,27.0,0.6709999999999999,5.01,110.87,105.42,5.45,5.41,111.02,105.14,5.88
4,2004,4,Detroit Pistons,E,C,54.0,28.0,0.659,5.84,103.18,96.48,6.7,5.04,102.81,97.01,5.81
5,2004,5,Indiana Pacers,E,C,61.0,21.0,0.7440000000000001,5.76,104.77,98.16,6.61,4.93,104.47,98.77,5.7
6,2004,6,Dallas Mavericks,W,M,52.0,30.0,0.634,4.44,113.01,108.1,4.92,4.86,113.3,107.92,5.37
7,2004,7,Los Angeles Lakers,W,P,56.0,26.0,0.6829999999999999,3.9,106.23,102.06,4.16,4.35,106.2,101.54,4.65
8,2004,8,Memphis Grizzlies,W,M,50.0,32.0,0.61,2.44,105.56,102.97,2.6,2.95,105.58,102.41,3.16
9,2004,9,Houston Rockets,W,M,45.0,37.0,0.5489999999999999,1.73,101.8,99.87,1.93,2.28,101.65,99.13,2.52
10,2004,10,New Jersey Nets,E,A,47.0,35.0,0.573,2.5,101.76,99.05,2.71,1.88,101.52,99.49,2.03
11,2004,11,Denver Nuggets,W,M,43.0,39.0,0.524,1.07,104.61,103.73,0.88,1.65,104.66,103.13,1.52
12,2004,12,Milwaukee Bucks,E,C,41.0,41.0,0.5,1.06,107.28,106.09,1.19,0.42,107.34,106.85,0.49
13,2004,13,Seattle SuperSonics,W,P,37.0,45.0,0.451,-0.63,108.11,108.79,-0.69,0.02,108.41,108.38,0.03
14,2004,14,Golden State Warriors,W,P,37.0,45.0,0.451,-0.73,103.71,104.54,-0.83,-0.07,103.8,103.91,-0.1
15,2004,15,Miami Heat,E,A,42.0,40.0,0.512,0.52,102.92,102.48,0.43,-0.13,102.81,103.08,-0.28
16,2004,16,Utah Jazz,W,M,42.0,40.0,0.512,-1.22,103.12,104.52,-1.4,-0.53,103.21,103.86,-0.65
17,2004,17,Portland Trail Blazers,W,P,41.0,41.0,0.5,-1.27,104.58,106.04,-1.47,-0.58,104.74,105.45,-0.71
18,2004,18,New Orleans Hornets,E,C,41.0,41.0,0.5,-0.1,103.36,103.47,-0.12,-0.72,103.25,104.05,-0.79
19,2004,19,New York Knicks,E,A,39.0,43.0,0.47600000000000003,-1.48,102.39,104.02,-1.63,-1.97,102.4,104.56,-2.17
20,2004,20,Boston Celtics,E,A,36.0,46.0,0.439,-1.45,102.76,104.39,-1.63,-1.99,102.66,104.89,-2.23
21,2004,21,Phoenix Suns,W,P,29.0,53.0,0.354,-3.74,102.33,106.35,-4.02,-2.94,102.5,105.65,-3.14
22,2004,22,Philadelphia 76ers,E,A,33.0,49.0,0.402,-2.49,100.29,103.04,-2.76,-2.95,100.28,103.54,-3.26
23,2004,23,Cleveland Cavaliers,E,C,35.0,47.0,0.42700000000000005,-2.62,102.1,105.05,-2.95,-3.07,102.16,105.59,-3.43
24,2004,24,Toronto Raptors,E,C,33.0,49.0,0.402,-3.01,97.75,101.27,-3.53,-3.41,97.65,101.61,-3.95
25,2004,25,Los Angeles Clippers,W,P,28.0,54.0,0.341,-4.59,104.3,109.4,-5.1,-3.74,104.63,108.81,-4.18
26,2004,26,Atlanta Hawks,E,C,28.0,54.0,0.341,-4.65,101.91,107.01,-5.11,-5.0,102.02,107.51,-5.49
27,2004,27,Washington Wizards,E,A,25.0,57.0,0.305,-5.63,99.46,105.62,-6.15,-6.12,99.35,106.04,-6.69
28,2004,28,Chicago Bulls,E,C,23.0,59.0,0.28,-6.35,97.49,104.38,-6.88,-6.69,97.42,104.67,-7.25
29,2004,29,Orlando Magic,E,A,21.0,61.0,0.256,-7.02,103.53,111.31,-7.78,-7.25,103.84,111.86,-8.02
0,2005,0,,,,,,,,,,,,,,
1,2005,1,San Antonio Spurs,W,SW,59.0,23.0,0.72,7.8,108.45,99.59,8.85,7.84,108.18,99.31,8.87
2,2005,2,Phoenix Suns,W,P,62.0,20.0,0.7559999999999999,7.12,115.01,107.53,7.49,7.08,115.06,107.63,7.43
3,2005,3,Dallas Mavericks,W,SW,58.0,24.0,0.7070000000000001,5.74,111.32,104.88,6.44,5.85,111.3,104.76,6.55
4,2005,4,Miami Heat,E,SE,59.0,23.0,0.72,6.52,111.08,103.74,7.33,5.76,110.81,104.31,6.5
5,2005,5,Houston Rockets,W,SW,51.0,31.0,0.622,4.04,107.03,102.57,4.46,4.26,106.85,102.15,4.7
6,2005,6,Detroit Pistons,E,C,54.0,28.0,0.659,3.87,106.49,102.07,4.42,3.31,106.19,102.38,3.81
7,2005,7,Seattle SuperSonics,W,NW,52.0,30.0,0.634,2.29,113.09,110.41,2.68,2.59,113.33,110.34,2.99
8,2005,8,Memphis Grizzlies,W,SW,45.0,37.0,0.5489999999999999,2.29,106.5,103.89,2.61,2.63,106.57,103.6,2.97
9,2005,9,Sacramento Kings,W,P,50.0,32.0,0.61,2.16,111.02,108.76,2.26,2.55,111.16,108.46,2.7
10,2005,10,Denver Nuggets,W,NW,49.0,33.0,0.598,2.02,106.6,104.67,1.93,2.22,106.49,104.34,2.15
11,2005,11,Minnesota Timberwolves,W,NW,44.0,38.0,0.537,1.45,108.99,107.35,1.64,1.73,108.98,107.05,1.93
12,2005,12,Chicago Bulls,E,C,47.0,35.0,0.573,1.06,102.14,101.01,1.13,0.65,101.84,101.15,0.69
13,2005,13,Indiana Pacers,E,C,44.0,38.0,0.537,0.76,106.46,105.55,0.91,0.49,106.47,105.85,0.62
14,2005,14,Boston Celtics,E,A,45.0,37.0,0.5489999999999999,0.87,108.31,107.4,0.91,0.34,108.27,107.92,0.35
15,2005,15,Cleveland Cavaliers,E,C,42.0,40.0,0.512,0.79,107.58,106.68,0.89,0.27,107.5,107.17,0.33
16,2005,16,Los Angeles Clippers,W,P,37.0,45.0,0.451,-0.77,106.76,107.5,-0.74,-0.47,106.78,107.2,-0.43
17,2005,17,Washington Wizards,E,SE,45.0,37.0,0.5489999999999999,-0.33,107.94,108.32,-0.38,-0.72,107.91,108.7,-0.79
18,2005,18,Philadelphia 76ers,E,A,43.0,39.0,0.524,-0.74,104.0,104.86,-0.86,-1.08,103.82,105.03,-1.21
19,2005,19,Toronto Raptors,E,A,33.0,49.0,0.402,-1.62,107.78,109.41,-1.63,-1.81,107.85,109.68,-1.83
20,2005,20,Golden State Warriors,W,P,34.0,48.0,0.415,-2.16,105.24,107.71,-2.46,-1.74,105.22,107.24,-2.01
21,2005,21,New Jersey Nets,E,A,42.0,40.0,0.512,-1.5,102.29,104.02,-1.73,-1.82,102.11,104.18,-2.07
22,2005,22,Los Angeles Lakers,W,P,34.0,48.0,0.415,-2.96,108.86,112.12,-3.27,-2.33,109.16,111.74,-2.58
23,2005,23,Orlando Magic,E,SE,36.0,46.0,0.439,-2.24,105.7,108.01,-2.31,-2.52,105.73,108.33,-2.6
24,2005,24,New York Knicks,E,A,33.0,49.0,0.402,-2.44,106.93,109.59,-2.66,-2.73,107.05,110.01,-2.96
25,2005,25,Milwaukee Bucks,E,C,30.0,52.0,0.366,-2.99,107.0,110.42,-3.42,-3.09,107.21,110.72,-3.51
26,2005,26,Portland Trail Blazers,W,NW,27.0,55.0,0.32899999999999996,-4.0,104.26,108.64,-4.37,-3.45,104.39,108.17,-3.78
27,2005,27,Utah Jazz,W,NW,26.0,56.0,0.317,-4.27,105.57,110.29,-4.72,-3.74,105.75,109.9,-4.16
28,2005,28,Charlotte Bobcats,E,SE,18.0,64.0,0.22,-5.99,101.91,108.4,-6.49,-6.15,101.87,108.54,-6.67
29,2005,29,New Orleans Hornets,W,SW,18.0,64.0,0.22,-7.07,100.72,108.89,-8.17,-6.3,101.0,108.32,-7.32
30,2005,30,Atlanta Hawks,E,SE,13.0,69.0,0.159,-9.71,101.23,111.99,-10.76,-9.62,101.45,112.09,-10.64
0,2006,0,,,,,,,,,,,,,,
1,2006,1,San Antonio Spurs,W,SW,63.0,19.0,0.768,6.82,108.02,100.32,7.7,6.69,107.93,100.38,7.54
2,2006,2,Detroit Pistons,E,C,64.0,18.0,0.78,6.67,111.59,103.9,7.69,6.23,111.35,104.15,7.2
3,2006,3,Dallas Mavericks,W,SW,60.0,22.0,0.732,6.07,112.87,105.73,7.14,5.96,113.06,106.07,6.99
4,2006,4,Phoenix Suns,W,P,54.0,28.0,0.659,5.55,112.27,106.45,5.82,5.48,112.32,106.58,5.74
5,2006,5,Memphis Grizzlies,W,SW,49.0,33.0,0.598,3.7,107.11,102.69,4.42,3.74,107.1,102.66,4.44
6,2006,6,Miami Heat,E,SE,52.0,30.0,0.634,3.87,109.53,105.34,4.19,3.59,109.28,105.38,3.9
7,2006,7,Los Angeles Lakers,W,P,45.0,37.0,0.5489999999999999,2.5,109.26,106.59,2.67,2.53,109.46,106.77,2.69
8,2006,8,Cleveland Cavaliers,E,C,50.0,32.0,0.61,2.23,108.49,106.01,2.48,2.17,108.49,106.07,2.42
9,2006,9,Los Angeles Clippers,W,P,47.0,35.0,0.573,1.57,106.09,104.24,1.85,1.75,106.11,104.08,2.03
10,2006,10,Indiana Pacers,E,C,41.0,41.0,0.5,1.89,105.3,103.0,2.3,1.62,104.91,102.9,2.01
11,2006,11,Washington Wizards,E,SE,42.0,40.0,0.512,1.85,110.01,107.93,2.08,1.56,109.91,108.14,1.76
12,2006,12,Sacramento Kings,W,P,44.0,38.0,0.537,1.54,107.45,105.8,1.65,1.61,107.51,105.8,1.72
13,2006,13,New Jersey Nets,E,A,49.0,33.0,0.598,1.37,104.66,103.24,1.42,1.11,104.24,103.1,1.15
14,2006,14,Chicago Bulls,E,C,41.0,41.0,0.5,0.63,104.64,103.99,0.64,0.51,104.38,103.85,0.52
15,2006,15,Denver Nuggets,W,NW,44.0,38.0,0.537,0.23,106.16,106.01,0.15,0.36,106.22,105.94,0.28
16,2006,16,Golden State Warriors,W,P,34.0,48.0,0.415,-1.35,105.36,106.79,-1.44,-1.11,105.55,106.74,-1.18
17,2006,17,Milwaukee Bucks,E,C,40.0,42.0,0.488,-1.04,106.81,107.98,-1.17,-1.07,106.8,108.0,-1.2
18,2006,18,Orlando Magic,E,SE,36.0,46.0,0.439,-1.07,106.99,108.25,-1.26,-1.26,106.84,108.29,-1.45
19,2006,19,Houston Rockets,W,SW,34.0,48.0,0.415,-1.59,102.41,104.42,-2.02,-1.31,102.5,104.2,-1.7
20,2006,20,Boston Celtics,E,A,33.0,49.0,0.402,-1.54,106.12,107.86,-1.73,-1.59,106.05,107.83,-1.78
21,2006,21,Minnesota Timberwolves,W,NW,33.0,49.0,0.402,-1.88,103.52,105.65,-2.13,-1.75,103.59,105.58,-1.99
22,2006,22,Philadelphia 76ers,E,A,38.0,44.0,0.46299999999999997,-1.95,106.89,109.0,-2.1,-2.11,106.79,109.06,-2.27
23,2006,23,Utah Jazz,W,NW,41.0,41.0,0.5,-2.63,104.93,107.9,-2.96,-2.49,104.98,107.79,-2.81
24,2006,24,New Orleans/Oklahoma City Hornets,W,SW,38.0,44.0,0.46299999999999997,-2.82,104.5,107.77,-3.27,-2.51,104.62,107.56,-2.94
25,2006,25,Toronto Raptors,E,A,27.0,55.0,0.32899999999999996,-2.99,110.22,113.34,-3.12,-3.03,110.4,113.57,-3.17
26,2006,26,Seattle SuperSonics,W,NW,35.0,47.0,0.42700000000000005,-3.02,111.99,115.45,-3.45,-2.88,112.49,115.79,-3.31
27,2006,27,Charlotte Bobcats,E,SE,26.0,56.0,0.317,-4.0,103.14,107.48,-4.33,-3.9,103.06,107.27,-4.21
28,2006,28,Atlanta Hawks,E,SE,26.0,56.0,0.317,-4.76,107.2,112.46,-5.26,-4.69,107.29,112.47,-5.17
29,2006,29,New York Knicks,E,A,23.0,59.0,0.28,-6.4,104.74,111.87,-7.14,-6.3,104.74,111.74,-7.0
30,2006,30,Portland Trail Blazers,W,NW,21.0,61.0,0.256,-9.45,102.06,112.87,-10.81,-8.91,102.35,112.56,-10.21
0,2007,0,,,,,,,,,,,,,,
1,2007,1,San Antonio Spurs,W,SW,58.0,24.0,0.7070000000000001,8.43,110.11,100.64,9.47,8.35,109.84,100.47,9.37
2,2007,2,Dallas Mavericks,W,SW,67.0,15.0,0.8170000000000001,7.22,112.32,104.12,8.2,7.28,112.23,103.98,8.25
3,2007,3,Phoenix Suns,W,P,61.0,21.0,0.7440000000000001,7.3,114.68,106.9,7.78,7.27,114.66,106.9,7.76
4,2007,4,Houston Rockets,W,SW,52.0,30.0,0.634,4.85,106.64,101.31,5.33,5.04,106.43,100.9,5.53
5,2007,5,Chicago Bulls,E,C,49.0,33.0,0.598,5.01,105.71,100.32,5.39,4.52,105.36,100.5,4.86
6,2007,6,Detroit Pistons,E,C,53.0,29.0,0.6459999999999999,4.16,109.8,104.87,4.93,3.68,109.72,105.33,4.39
7,2007,7,Cleveland Cavaliers,E,C,50.0,32.0,0.61,3.83,106.15,102.1,4.05,3.33,105.92,102.41,3.52
8,2007,8,Utah Jazz,W,NW,51.0,31.0,0.622,2.87,110.65,107.4,3.25,3.06,110.7,107.24,3.45
9,2007,9,Denver Nuggets,W,NW,45.0,37.0,0.5489999999999999,1.62,108.12,106.51,1.62,1.69,107.95,106.24,1.7
10,2007,10,Toronto Raptors,E,A,47.0,35.0,0.573,0.99,107.92,106.56,1.36,0.61,107.84,106.91,0.93
11,2007,11,Orlando Magic,E,SE,40.0,42.0,0.488,0.78,105.99,105.03,0.96,0.34,105.76,105.28,0.48
12,2007,12,Los Angeles Lakers,W,P,42.0,40.0,0.512,-0.07,109.09,109.28,-0.19,0.24,109.18,109.02,0.16
13,2007,13,Golden State Warriors,W,P,42.0,40.0,0.512,-0.34,107.62,107.84,-0.22,-0.01,107.61,107.48,0.14
14,2007,14,Los Angeles Clippers,W,P,40.0,42.0,0.488,-0.46,105.9,106.55,-0.65,-0.07,105.91,106.14,-0.22
15,2007,15,Washington Wizards,E,SE,41.0,41.0,0.5,-0.51,110.57,111.28,-0.71,-0.8,110.7,111.71,-1.01
16,2007,16,New Jersey Nets,E,A,41.0,41.0,0.5,-0.77,106.45,107.43,-0.97,-1.0,106.49,107.7,-1.22
17,2007,17,Sacramento Kings,W,P,33.0,49.0,0.402,-1.8,106.79,108.59,-1.8,-1.35,106.92,108.23,-1.31
18,2007,18,New Orleans/Oklahoma City Hornets,W,SW,39.0,43.0,0.47600000000000003,-1.57,105.68,107.51,-1.83,-1.2,105.78,107.19,-1.41
19,2007,19,Miami Heat,E,SE,44.0,38.0,0.537,-0.91,105.25,106.36,-1.12,-1.21,105.23,106.67,-1.44
20,2007,20,Indiana Pacers,E,C,35.0,47.0,0.42700000000000005,-2.44,103.7,106.21,-2.51,-2.62,103.72,106.44,-2.72
21,2007,21,Seattle SuperSonics,W,NW,31.0,51.0,0.37799999999999995,-2.89,108.21,111.52,-3.31,-2.45,108.45,111.27,-2.82
22,2007,22,New York Knicks,E,A,33.0,49.0,0.402,-2.85,106.39,109.53,-3.14,-3.06,106.45,109.82,-3.38
23,2007,23,Minnesota Timberwolves,W,NW,32.0,50.0,0.39,-3.67,104.58,108.64,-4.06,-3.16,104.64,108.15,-3.51
24,2007,24,Philadelphia 76ers,E,A,35.0,47.0,0.42700000000000005,-3.02,104.42,107.77,-3.35,-3.26,104.43,108.04,-3.61
25,2007,25,Boston Celtics,E,A,24.0,58.0,0.293,-3.41,104.07,107.96,-3.89,-3.71,103.98,108.18,-4.19
26,2007,26,Portland Trail Blazers,W,NW,32.0,50.0,0.39,-4.29,105.94,110.79,-4.85,-3.78,106.13,110.42,-4.29
27,2007,27,Charlotte Bobcats,E,SE,33.0,49.0,0.402,-3.74,104.29,108.34,-4.04,-3.97,104.23,108.52,-4.3
28,2007,28,Milwaukee Bucks,E,C,28.0,54.0,0.341,-4.38,107.63,112.34,-4.71,-4.44,107.89,112.66,-4.77
29,2007,29,Memphis Grizzlies,W,SW,22.0,60.0,0.268,-5.15,107.37,112.95,-5.58,-4.44,107.74,112.54,-4.81
30,2007,30,Atlanta Hawks,E,SE,30.0,52.0,0.366,-4.76,103.83,109.24,-5.41,-4.86,103.98,109.5,-5.52
0,2008,0,,,,,,,,,,,,,,
1,2008,1,Boston Celtics,E,A,66.0,16.0,0.805,10.26,111.1,99.75,11.35,9.31,110.55,100.23,10.32
2,2008,2,Los Angeles Lakers,W,P,57.0,25.0,0.695,7.26,113.71,106.08,7.63,7.34,113.72,105.99,7.73
3,2008,3,Detroit Pistons,E,C,59.0,23.0,0.72,7.39,112.09,103.64,8.45,6.67,111.76,104.09,7.66
4,2008,4,Utah Jazz,W,NW,54.0,28.0,0.659,6.88,114.52,107.05,7.47,6.87,114.6,107.15,7.44
5,2008,5,New Orleans Hornets,W,SW,56.0,26.0,0.6829999999999999,5.28,112.21,106.44,5.77,5.46,112.3,106.34,5.96
6,2008,6,San Antonio Spurs,W,SW,56.0,26.0,0.6829999999999999,4.79,107.91,102.54,5.37,5.1,107.8,102.11,5.68
7,2008,7,Houston Rockets,W,SW,55.0,27.0,0.6709999999999999,4.68,107.47,102.17,5.3,4.83,107.3,101.85,5.45
8,2008,8,Phoenix Suns,W,P,55.0,27.0,0.6709999999999999,5.05,114.04,108.77,5.27,5.14,114.22,108.86,5.36
9,2008,9,Dallas Mavericks,W,SW,51.0,31.0,0.622,4.54,111.9,106.82,5.08,4.7,112.02,106.77,5.25
10,2008,10,Orlando Magic,E,SE,52.0,30.0,0.634,5.46,112.12,106.26,5.86,4.79,111.89,106.75,5.14
11,2008,11,Denver Nuggets,W,NW,50.0,32.0,0.61,3.71,110.46,106.95,3.51,3.74,110.48,106.93,3.55
12,2008,12,Toronto Raptors,E,A,41.0,41.0,0.5,2.9,111.06,107.46,3.6,2.47,110.99,107.86,3.12
13,2008,13,Golden State Warriors,W,P,48.0,34.0,0.585,2.21,112.46,110.24,2.22,2.38,112.59,110.19,2.39
14,2008,14,Philadelphia 76ers,E,A,40.0,42.0,0.488,0.41,107.38,106.91,0.47,0.19,107.25,107.01,0.24
15,2008,15,Portland Trail Blazers,W,NW,41.0,41.0,0.5,-0.98,107.97,109.07,-1.1,-0.52,108.11,108.73,-0.61
16,2008,16,Cleveland Cavaliers,E,C,45.0,37.0,0.5489999999999999,-0.35,106.66,107.15,-0.49,-0.52,106.58,107.23,-0.65
17,2008,17,Washington Wizards,E,SE,43.0,39.0,0.524,-0.33,110.03,110.39,-0.36,-0.6,110.06,110.71,-0.65
18,2008,18,Indiana Pacers,E,C,36.0,46.0,0.439,-1.4,106.69,108.2,-1.51,-1.86,106.47,108.47,-2.0
19,2008,19,Sacramento Kings,W,P,38.0,44.0,0.46299999999999997,-2.26,108.25,110.71,-2.45,-1.85,108.48,110.51,-2.03
20,2008,20,Atlanta Hawks,E,SE,37.0,45.0,0.451,-1.82,107.6,109.52,-1.92,-2.23,107.44,109.81,-2.37
21,2008,21,Chicago Bulls,E,C,33.0,49.0,0.402,-3.09,104.65,107.91,-3.26,-3.19,104.6,107.96,-3.36
22,2008,22,Charlotte Bobcats,E,SE,32.0,50.0,0.39,-4.38,105.39,110.22,-4.83,-4.48,105.43,110.36,-4.93
23,2008,23,New Jersey Nets,E,A,34.0,48.0,0.415,-5.06,104.61,110.25,-5.64,-5.15,104.6,110.32,-5.72
24,2008,24,Memphis Grizzlies,W,SW,22.0,60.0,0.268,-6.21,105.44,112.07,-6.62,-5.75,105.72,111.86,-6.14
25,2008,25,Minnesota Timberwolves,W,NW,22.0,60.0,0.268,-6.78,104.42,111.96,-7.54,-6.25,104.62,111.59,-6.97
26,2008,26,New York Knicks,E,A,23.0,59.0,0.28,-6.61,105.34,112.45,-7.11,-6.54,105.54,112.57,-7.03
27,2008,27,Los Angeles Clippers,W,P,23.0,59.0,0.28,-7.27,101.63,109.76,-8.14,-6.56,101.66,109.05,-7.38
28,2008,28,Milwaukee Bucks,E,C,26.0,56.0,0.317,-6.89,105.74,113.43,-7.68,-6.91,105.95,113.64,-7.69
29,2008,29,Seattle SuperSonics,W,NW,20.0,62.0,0.244,-8.76,101.17,110.16,-8.99,-8.04,101.3,109.54,-8.24
30,2008,30,Miami Heat,E,SE,15.0,67.0,0.183,-8.65,101.13,110.8,-9.68,-8.53,101.12,110.64,-9.52
0,2009,0,,,,,,,,,,,,,,
1,2009,1,Cleveland Cavaliers,E,C,66.0,16.0,0.805,8.93,113.29,103.2,10.09,8.68,113.18,103.37,9.8
2,2009,2,Boston Celtics,E,A,62.0,20.0,0.7559999999999999,7.51,111.25,103.02,8.24,7.44,111.21,103.05,8.16
3,2009,3,Los Angeles Lakers,W,P,65.0,17.0,0.7929999999999999,7.66,113.43,105.29,8.14,7.11,113.0,105.45,7.55
4,2009,4,Orlando Magic,E,SE,59.0,23.0,0.72,6.7,109.66,102.58,7.08,6.49,109.52,102.66,6.86
5,2009,5,Portland Trail Blazers,W,NW,54.0,28.0,0.659,5.34,114.74,108.68,6.06,5.0,114.62,108.94,5.67
6,2009,6,Houston Rockets,W,SW,53.0,29.0,0.6459999999999999,4.0,109.22,104.67,4.55,3.73,108.94,104.69,4.25
7,2009,7,San Antonio Spurs,W,SW,54.0,28.0,0.659,3.76,109.18,105.01,4.17,3.36,108.79,105.05,3.74
8,2009,8,Denver Nuggets,W,NW,54.0,28.0,0.659,3.41,111.03,107.68,3.35,3.13,110.83,107.78,3.05
9,2009,9,Utah Jazz,W,NW,48.0,34.0,0.585,2.65,110.84,107.89,2.96,2.31,110.52,107.93,2.59
10,2009,10,Atlanta Hawks,E,SE,47.0,35.0,0.573,1.57,110.28,108.43,1.84,1.7,110.49,108.51,1.98
11,2009,11,Dallas Mavericks,W,SW,50.0,32.0,0.61,1.98,111.2,109.14,2.06,1.68,111.03,109.29,1.74
12,2009,12,Phoenix Suns,W,P,46.0,36.0,0.561,1.93,114.2,112.3,1.89,1.62,114.12,112.55,1.57
13,2009,13,New Orleans Hornets,W,SW,49.0,33.0,0.598,1.55,109.75,108.07,1.68,1.41,109.6,108.07,1.53
14,2009,14,Miami Heat,E,SE,43.0,39.0,0.524,0.26,108.34,108.28,0.06,0.49,108.56,108.24,0.32
15,2009,15,Philadelphia 76ers,E,A,41.0,41.0,0.5,0.07,108.79,108.79,0.0,0.16,108.89,108.79,0.1
16,2009,16,Chicago Bulls,E,C,41.0,41.0,0.5,-0.28,109.32,109.54,-0.22,-0.16,109.48,109.57,-0.09
17,2009,17,Detroit Pistons,E,C,39.0,43.0,0.47600000000000003,-0.49,108.21,108.79,-0.58,-0.36,108.34,108.78,-0.44
18,2009,18,Indiana Pacers,E,C,36.0,46.0,0.439,-1.11,108.76,109.88,-1.12,-0.76,109.13,109.86,-0.73
19,2009,19,Milwaukee Bucks,E,C,34.0,48.0,0.415,-1.09,107.44,108.61,-1.18,-0.87,107.6,108.54,-0.94
20,2009,20,Charlotte Bobcats,E,SE,35.0,47.0,0.42700000000000005,-1.27,105.42,107.01,-1.59,-1.19,105.43,106.93,-1.5
21,2009,21,New York Knicks,E,A,32.0,50.0,0.39,-2.61,108.7,111.41,-2.71,-2.33,109.03,111.44,-2.41
22,2009,22,New Jersey Nets,E,A,34.0,48.0,0.415,-2.44,109.14,111.85,-2.71,-2.31,109.33,111.89,-2.56
23,2009,23,Toronto Raptors,E,A,33.0,49.0,0.402,-2.82,107.72,110.69,-2.97,-2.53,107.99,110.66,-2.66
24,2009,24,Golden State Warriors,W,P,29.0,53.0,0.354,-3.74,109.94,113.76,-3.82,-3.8,109.98,113.86,-3.89
25,2009,25,Minnesota Timberwolves,W,NW,24.0,58.0,0.293,-4.91,106.75,112.18,-5.43,-4.74,106.78,112.0,-5.23
26,2009,26,Memphis Grizzlies,W,SW,24.0,58.0,0.293,-5.46,104.51,110.62,-6.12,-5.22,104.48,110.33,-5.84
27,2009,27,Oklahoma City Thunder,W,NW,23.0,59.0,0.28,-6.1,103.59,110.06,-6.47,-6.03,103.41,109.82,-6.41
28,2009,28,Washington Wizards,E,SE,19.0,63.0,0.23199999999999998,-7.46,105.98,114.23,-8.26,-6.98,106.39,114.11,-7.73
29,2009,29,Sacramento Kings,W,P,17.0,65.0,0.207,-8.76,106.3,115.64,-9.34,-8.59,106.32,115.5,-9.18
30,2009,30,Los Angeles Clippers,W,P,19.0,63.0,0.23199999999999998,-8.77,102.87,112.52,-9.65,-8.46,102.84,112.16,-9.31
0,2010,0,,,,,,,,,,,,,,
1,2010,1,Orlando Magic,E,SE,59.0,23.0,0.72,7.49,112.13,104.0,8.13,7.12,112.02,104.28,7.73
2,2010,2,Cleveland Cavaliers,E,C,61.0,21.0,0.7440000000000001,6.52,112.27,105.07,7.21,6.17,112.29,105.47,6.82
3,2010,3,Utah Jazz,W,NW,53.0,29.0,0.6459999999999999,5.34,111.57,105.81,5.76,5.33,111.44,105.69,5.75
4,2010,4,San Antonio Spurs,W,SW,50.0,32.0,0.61,5.09,110.61,105.17,5.44,5.07,110.49,105.07,5.42
5,2010,5,Los Angeles Lakers,W,P,57.0,25.0,0.695,4.72,109.51,104.57,4.93,4.78,109.32,104.32,5.0
6,2010,6,Phoenix Suns,W,P,54.0,28.0,0.659,4.9,116.11,110.94,5.16,4.68,116.06,111.13,4.93
7,2010,7,Atlanta Hawks,E,SE,53.0,29.0,0.6459999999999999,4.66,112.6,107.6,5.0,4.44,112.67,107.91,4.77
8,2010,8,Denver Nuggets,W,NW,53.0,29.0,0.6459999999999999,4.09,112.32,108.21,4.11,4.15,112.26,108.06,4.2
9,2010,9,Oklahoma City Thunder,W,NW,50.0,32.0,0.61,3.49,109.18,105.43,3.75,3.55,109.06,105.23,3.82
10,2010,10,Portland Trail Blazers,W,NW,50.0,32.0,0.61,3.3,111.91,108.02,3.88,3.18,111.78,108.04,3.74
11,2010,11,Boston Celtics,E,A,50.0,32.0,0.61,3.66,108.65,104.62,4.03,3.37,108.5,104.79,3.72
12,2010,12,Dallas Mavericks,W,SW,55.0,27.0,0.6709999999999999,2.72,110.0,107.17,2.84,2.67,109.88,107.09,2.79
13,2010,13,Miami Heat,E,SE,47.0,35.0,0.573,2.28,107.63,105.06,2.57,2.0,107.58,105.32,2.26
14,2010,14,Milwaukee Bucks,E,C,46.0,36.0,0.561,1.7,105.74,103.81,1.94,1.38,105.68,104.09,1.59
15,2010,15,Charlotte Bobcats,E,SE,44.0,38.0,0.537,1.46,105.26,103.87,1.39,1.3,105.2,103.97,1.22
16,2010,16,Houston Rockets,W,SW,42.0,40.0,0.512,-0.37,108.37,108.79,-0.42,-0.01,108.4,108.45,-0.04
17,2010,17,Memphis Grizzlies,W,SW,40.0,42.0,0.488,-1.51,109.07,110.71,-1.64,-1.38,109.0,110.49,-1.49
18,2010,18,Toronto Raptors,E,A,40.0,42.0,0.488,-1.78,112.19,113.89,-1.69,-1.83,112.45,114.2,-1.75
19,2010,19,Chicago Bulls,E,C,41.0,41.0,0.5,-1.63,104.24,106.03,-1.79,-1.63,104.29,106.08,-1.79
20,2010,20,New Orleans Hornets,W,SW,37.0,45.0,0.451,-2.46,108.19,110.92,-2.73,-2.26,108.15,110.67,-2.52
21,2010,21,Indiana Pacers,E,C,32.0,50.0,0.39,-3.01,104.6,107.64,-3.04,-3.1,104.58,107.73,-3.14
22,2010,22,Golden State Warriors,W,P,26.0,56.0,0.317,-3.6,108.7,112.31,-3.61,-3.28,108.77,112.05,-3.28
23,2010,23,New York Knicks,E,A,29.0,53.0,0.354,-3.82,108.22,112.2,-3.98,-4.01,108.33,112.52,-4.19
24,2010,24,Sacramento Kings,W,P,25.0,57.0,0.305,-4.37,106.05,110.82,-4.76,-4.06,106.09,110.52,-4.42
25,2010,25,Philadelphia 76ers,E,A,27.0,55.0,0.32899999999999996,-3.9,106.93,111.35,-4.42,-3.93,107.15,111.58,-4.43
26,2010,26,Washington Wizards,E,SE,26.0,56.0,0.317,-4.78,105.11,110.41,-5.3,-4.72,105.34,110.57,-5.23
27,2010,27,Detroit Pistons,E,C,27.0,55.0,0.32899999999999996,-5.11,106.6,112.41,-5.82,-5.02,106.78,112.48,-5.7
28,2010,28,Los Angeles Clippers,W,P,29.0,53.0,0.354,-6.35,104.07,111.02,-6.95,-6.01,104.04,110.61,-6.57
29,2010,29,Minnesota Timberwolves,W,NW,15.0,67.0,0.183,-9.6,102.34,112.31,-9.97,-9.06,102.38,111.78,-9.4
30,2010,30,New Jersey Nets,E,A,12.0,70.0,0.146,-9.12,101.54,111.56,-10.02,-8.93,101.75,111.54,-9.79
0,2011,0,,,,,,,,,,,,,,
1,2011,1,Miami Heat,E,SE,58.0,24.0,0.7070000000000001,7.46,112.62,104.35,8.27,6.76,112.43,104.94,7.49
2,2011,2,Chicago Bulls,E,C,62.0,20.0,0.7559999999999999,7.32,109.3,101.07,8.23,6.53,109.02,101.65,7.37
3,2011,3,Los Angeles Lakers,W,P,57.0,25.0,0.695,6.11,111.61,105.0,6.61,6.01,111.4,104.89,6.51
4,2011,4,San Antonio Spurs,W,SW,61.0,21.0,0.7440000000000001,5.71,112.31,106.23,6.07,5.86,112.22,105.97,6.25
5,2011,5,Orlando Magic,E,SE,52.0,30.0,0.634,5.46,108.78,102.87,5.91,4.92,108.63,103.31,5.32
6,2011,6,Boston Celtics,E,A,56.0,26.0,0.6829999999999999,5.37,107.36,101.46,5.9,4.83,107.03,101.73,5.3
7,2011,7,Denver Nuggets,W,NW,50.0,32.0,0.61,4.76,112.84,108.03,4.82,4.81,112.73,107.84,4.89
8,2011,8,Dallas Mavericks,W,SW,57.0,25.0,0.695,4.23,110.24,105.76,4.49,4.41,110.08,105.4,4.68
9,2011,9,Oklahoma City Thunder,W,NW,55.0,27.0,0.6709999999999999,3.79,112.2,108.06,4.14,3.81,112.09,107.93,4.16
10,2011,10,Memphis Grizzlies,W,SW,46.0,36.0,0.561,2.34,108.52,105.98,2.55,2.55,108.42,105.65,2.77
11,2011,11,Houston Rockets,W,SW,43.0,39.0,0.524,2.18,112.02,109.67,2.35,2.37,112.07,109.51,2.56
12,2011,12,Portland Trail Blazers,W,NW,48.0,34.0,0.585,1.52,109.78,107.93,1.85,1.85,109.73,107.54,2.19
13,2011,13,New Orleans Hornets,W,SW,46.0,36.0,0.561,0.89,107.25,106.19,1.06,1.28,107.18,105.7,1.48
14,2011,14,Philadelphia 76ers,E,A,41.0,41.0,0.5,1.5,107.62,106.02,1.6,1.01,107.55,106.48,1.07
15,2011,15,New York Knicks,E,A,42.0,40.0,0.512,0.78,111.76,110.92,0.84,0.48,112.0,111.48,0.51
16,2011,16,Phoenix Suns,W,P,40.0,42.0,0.488,-0.89,110.2,111.15,-0.94,-0.46,110.35,110.83,-0.47
17,2011,17,Milwaukee Bucks,E,C,35.0,47.0,0.42700000000000005,-0.84,102.47,103.46,-1.0,-1.01,102.29,103.48,-1.18
18,2011,18,Atlanta Hawks,E,SE,44.0,38.0,0.537,-0.82,107.01,107.96,-0.95,-1.1,107.03,108.29,-1.26
19,2011,19,Indiana Pacers,E,C,37.0,45.0,0.451,-1.07,105.53,106.73,-1.2,-1.37,105.54,107.07,-1.53
20,2011,20,Utah Jazz,W,NW,39.0,43.0,0.47600000000000003,-1.83,108.95,111.05,-2.1,-1.44,109.08,110.75,-1.67
21,2011,21,Golden State Warriors,W,P,36.0,46.0,0.439,-2.33,108.96,111.39,-2.43,-2.0,109.0,111.08,-2.08
22,2011,22,Los Angeles Clippers,W,P,32.0,50.0,0.39,-3.13,106.24,109.78,-3.54,-2.71,106.23,109.31,-3.08
23,2011,23,Detroit Pistons,E,C,30.0,52.0,0.366,-3.6,108.37,112.5,-4.13,-3.78,108.65,112.98,-4.33
24,2011,24,Charlotte Bobcats,E,SE,34.0,48.0,0.415,-4.0,104.32,108.92,-4.6,-4.08,104.43,109.11,-4.67
25,2011,25,Sacramento Kings,W,P,24.0,58.0,0.293,-5.34,104.18,109.82,-5.65,-4.8,104.16,109.24,-5.07
26,2011,26,Minnesota Timberwolves,W,NW,17.0,65.0,0.207,-6.63,104.84,111.69,-6.85,-5.97,104.93,111.07,-6.15
27,2011,27,Toronto Raptors,E,A,22.0,60.0,0.268,-6.28,106.85,113.57,-6.72,-6.28,107.17,113.88,-6.72
28,2011,28,New Jersey Nets,E,A,24.0,58.0,0.293,-6.24,103.99,110.94,-6.95,-6.28,104.11,111.1,-6.99
29,2011,29,Washington Wizards,E,SE,23.0,59.0,0.28,-7.4,103.12,110.93,-7.81,-7.3,103.39,111.09,-7.71
30,2011,30,Cleveland Cavaliers,E,C,19.0,63.0,0.23199999999999998,-9.01,102.74,112.56,-9.81,-8.88,103.02,112.69,-9.67
0,2012,0,,,,,,,,,,,,,,
1,2012,1,Chicago Bulls,E,C,50.0,16.0,0.758,8.18,108.22,98.89,9.33,7.43,108.21,99.72,8.49
2,2012,2,San Antonio Spurs,W,SW,50.0,16.0,0.758,7.17,111.45,103.83,7.62,7.28,111.35,103.6,7.75
3,2012,3,Oklahoma City Thunder,W,NW,47.0,19.0,0.7120000000000001,6.12,110.33,103.77,6.56,6.44,110.3,103.37,6.93
4,2012,4,Miami Heat,E,SE,46.0,20.0,0.6970000000000001,5.98,107.66,101.1,6.56,5.72,107.97,101.71,6.26
5,2012,5,Philadelphia 76ers,E,A,35.0,31.0,0.53,4.24,104.7,100.0,4.7,3.59,104.42,100.45,3.97
6,2012,6,Denver Nuggets,W,NW,38.0,28.0,0.5760000000000001,2.88,109.95,106.97,2.99,3.16,109.94,106.63,3.31
7,2012,7,Los Angeles Clippers,W,P,40.0,26.0,0.606,2.56,109.49,106.69,2.8,2.82,109.26,106.18,3.09
8,2012,8,Indiana Pacers,E,C,42.0,24.0,0.636,3.3,107.63,103.94,3.69,2.59,107.68,104.77,2.91
9,2012,9,Atlanta Hawks,E,SE,40.0,26.0,0.606,3.44,105.74,102.04,3.7,2.67,105.57,102.72,2.85
10,2012,10,New York Knicks,E,A,36.0,30.0,0.545,3.2,105.51,101.86,3.64,2.39,105.45,102.7,2.75
11,2012,11,Memphis Grizzlies,W,SW,41.0,25.0,0.621,2.02,104.81,102.57,2.24,2.43,104.59,101.89,2.7
12,2012,12,Boston Celtics,E,A,39.0,27.0,0.591,2.52,102.12,99.34,2.78,2.26,102.19,99.69,2.5
13,2012,13,Los Angeles Lakers,W,P,41.0,25.0,0.621,1.42,106.62,105.07,1.55,1.96,106.6,104.45,2.15
14,2012,14,Dallas Mavericks,W,SW,36.0,30.0,0.545,0.95,104.08,103.01,1.07,1.78,104.04,102.07,1.97
15,2012,15,Utah Jazz,W,NW,36.0,30.0,0.545,0.62,107.51,106.91,0.6,0.92,107.34,106.4,0.94
16,2012,16,Houston Rockets,W,SW,34.0,32.0,0.515,0.23,106.42,106.11,0.31,0.57,106.27,105.58,0.69
17,2012,17,Phoenix Suns,W,P,33.0,33.0,0.5,-0.24,106.96,107.1,-0.13,0.29,106.96,106.52,0.45
18,2012,18,Orlando Magic,E,SE,37.0,29.0,0.561,0.79,105.65,104.87,0.78,0.46,105.77,105.36,0.41
19,2012,19,Milwaukee Bucks,E,C,31.0,35.0,0.47,0.27,106.07,105.73,0.34,-0.23,106.13,106.34,-0.21
20,2012,20,Portland Trail Blazers,W,NW,28.0,38.0,0.424,-0.62,106.56,107.24,-0.69,-0.21,106.4,106.64,-0.24
21,2012,21,Minnesota Timberwolves,W,NW,26.0,40.0,0.39399999999999996,-2.2,104.85,107.0,-2.15,-1.83,104.65,106.4,-1.75
22,2012,22,Golden State Warriors,W,P,23.0,43.0,0.348,-3.41,105.97,109.66,-3.69,-2.79,106.0,109.01,-3.01
23,2012,23,New Orleans Hornets,W,SW,21.0,45.0,0.318,-3.76,101.82,105.98,-4.16,-3.11,101.68,105.11,-3.44
24,2012,24,Toronto Raptors,E,A,23.0,43.0,0.348,-3.3,101.57,105.32,-3.74,-3.67,101.68,105.83,-4.14
25,2012,25,Sacramento Kings,W,P,22.0,44.0,0.33299999999999996,-5.68,104.46,110.43,-5.98,-4.95,104.59,109.76,-5.17
26,2012,26,Washington Wizards,E,SE,20.0,46.0,0.303,-4.8,101.75,107.03,-5.28,-5.14,101.95,107.61,-5.66
27,2012,27,Detroit Pistons,E,C,25.0,41.0,0.379,-4.79,102.13,107.48,-5.35,-5.18,102.33,108.11,-5.78
28,2012,28,New Jersey Nets,E,A,22.0,44.0,0.33299999999999996,-5.98,103.77,110.52,-6.75,-6.37,103.99,111.17,-7.18
29,2012,29,Cleveland Cavaliers,E,C,21.0,45.0,0.318,-7.2,101.86,109.78,-7.92,-7.34,102.06,110.14,-8.08
30,2012,30,Charlotte Bobcats,E,SE,7.0,59.0,0.106,-13.91,95.85,111.26,-15.41,-13.96,96.12,111.59,-15.46
0,2013,0,,,,,,,,,,,,,,
1,2013,1,Oklahoma City Thunder,W,NW,60.0,22.0,0.732,9.21,113.3,103.35,9.95,9.15,113.21,103.33,9.89
2,2013,2,Miami Heat,E,SE,66.0,16.0,0.805,7.87,113.43,104.77,8.67,7.03,113.28,105.53,7.75
3,2013,3,San Antonio Spurs,W,SW,58.0,24.0,0.7070000000000001,6.4,109.11,102.26,6.85,6.67,109.05,101.9,7.14
4,2013,4,Los Angeles Clippers,W,P,56.0,26.0,0.6829999999999999,6.45,111.62,104.47,7.16,6.43,111.58,104.44,7.13
5,2013,5,Denver Nuggets,W,NW,57.0,25.0,0.695,5.09,111.23,105.97,5.26,5.37,111.34,105.76,5.58
6,2013,6,Memphis Grizzlies,W,SW,56.0,26.0,0.6829999999999999,4.15,105.95,101.22,4.74,4.33,105.72,100.79,4.93
7,2013,7,New York Knicks,E,A,54.0,28.0,0.659,4.23,111.83,106.92,4.91,3.73,111.88,107.53,4.35
8,2013,8,Houston Rockets,W,SW,45.0,37.0,0.5489999999999999,3.48,110.42,106.67,3.75,3.69,110.51,106.52,3.99
9,2013,9,Indiana Pacers,E,C,49.0,32.0,0.605,4.02,104.87,100.54,4.33,3.34,104.48,100.89,3.59
10,2013,10,Los Angeles Lakers,W,P,45.0,37.0,0.5489999999999999,1.16,108.49,107.23,1.27,1.48,108.48,106.86,1.62
11,2013,11,Golden State Warriors,W,P,47.0,35.0,0.573,0.89,107.1,106.04,1.06,1.32,107.13,105.61,1.52
12,2013,12,Brooklyn Nets,E,A,49.0,33.0,0.598,1.78,109.1,107.14,1.96,1.25,109.1,107.71,1.39
13,2013,13,Utah Jazz,W,NW,43.0,39.0,0.524,-0.09,107.42,107.5,-0.08,0.3,107.49,107.15,0.34
14,2013,14,Chicago Bulls,E,C,45.0,37.0,0.5489999999999999,0.32,104.23,103.87,0.36,-0.01,104.09,104.1,0.0
15,2013,15,Dallas Mavericks,W,SW,41.0,41.0,0.5,-0.6,106.66,107.14,-0.48,-0.24,106.74,106.82,-0.09
16,2013,16,Atlanta Hawks,E,SE,44.0,38.0,0.537,0.4,105.5,105.14,0.37,-0.07,105.39,105.54,-0.15
17,2013,17,Boston Celtics,E,A,41.0,40.0,0.506,-0.22,104.07,104.4,-0.32,-0.62,103.77,104.51,-0.75
18,2013,18,Toronto Raptors,E,A,34.0,48.0,0.415,-1.48,106.58,107.98,-1.4,-1.95,106.51,108.45,-1.93
19,2013,19,Minnesota Timberwolves,W,NW,31.0,51.0,0.37799999999999995,-2.37,103.61,106.23,-2.63,-1.83,103.66,105.7,-2.04
20,2013,20,Milwaukee Bucks,E,C,38.0,44.0,0.46299999999999997,-1.5,104.28,106.02,-1.74,-1.82,104.2,106.29,-2.09
21,2013,21,Portland Trail Blazers,W,NW,33.0,49.0,0.402,-3.17,106.21,109.77,-3.56,-2.52,106.45,109.3,-2.85
22,2013,22,Washington Wizards,E,SE,29.0,53.0,0.354,-2.54,100.78,103.61,-2.82,-2.78,100.56,103.64,-3.09
23,2013,23,New Orleans Hornets,W,SW,27.0,55.0,0.32899999999999996,-3.87,106.63,110.97,-4.34,-3.11,107.03,110.54,-3.51
24,2013,24,Philadelphia 76ers,E,A,34.0,48.0,0.415,-3.34,102.69,106.37,-3.68,-3.51,102.59,106.45,-3.86
25,2013,25,Sacramento Kings,W,P,28.0,54.0,0.341,-4.88,106.85,112.16,-5.3,-4.25,107.21,111.83,-4.62
26,2013,26,Detroit Pistons,E,C,29.0,53.0,0.354,-3.99,104.57,109.03,-4.46,-4.32,104.56,109.37,-4.82
27,2013,27,Cleveland Cavaliers,E,C,24.0,58.0,0.293,-4.68,105.09,110.16,-5.07,-4.87,105.24,110.52,-5.28
28,2013,28,Phoenix Suns,W,P,25.0,57.0,0.305,-6.46,102.0,108.82,-6.82,-5.75,102.2,108.24,-6.04
29,2013,29,Orlando Magic,E,SE,20.0,62.0,0.244,-6.99,102.09,109.79,-7.7,-7.12,102.05,109.89,-7.84
30,2013,30,Charlotte Bobcats,E,SE,21.0,61.0,0.256,-9.23,102.34,112.51,-10.17,-9.29,102.59,112.82,-10.23
0,2014,0,,,,,,,,,,,,,,
1,2014,1,San Antonio Spurs,W,SW,62.0,20.0,0.7559999999999999,7.72,111.09,102.93,8.16,7.99,110.98,102.53,8.45
2,2014,2,Los Angeles Clippers,W,P,57.0,25.0,0.695,6.98,112.89,105.64,7.25,7.27,112.88,105.33,7.56
3,2014,3,Oklahoma City Thunder,W,NW,59.0,23.0,0.72,6.34,111.32,104.6,6.71,6.65,111.29,104.26,7.04
4,2014,4,Golden State Warriors,W,P,51.0,31.0,0.622,4.8,108.05,103.07,4.98,5.15,107.93,102.59,5.34
5,2014,5,Houston Rockets,W,SW,54.0,28.0,0.659,4.56,111.72,107.07,4.65,5.06,111.82,106.65,5.17
6,2014,6,Miami Heat,E,SE,54.0,28.0,0.659,4.76,112.13,106.75,5.38,4.15,112.15,107.42,4.73
7,2014,7,Portland Trail Blazers,W,NW,54.0,28.0,0.659,3.99,112.03,107.8,4.22,4.43,112.17,107.49,4.68
8,2014,8,Indiana Pacers,E,C,56.0,26.0,0.6829999999999999,4.4,104.7,100.05,4.65,3.63,104.25,100.42,3.83
9,2014,9,Dallas Mavericks,W,SW,49.0,33.0,0.598,2.4,111.95,109.24,2.71,2.9,112.16,108.95,3.21
10,2014,10,Minnesota Timberwolves,W,NW,40.0,42.0,0.488,2.67,109.41,106.7,2.7,3.1,109.4,106.25,3.15
11,2014,11,Phoenix Suns,W,P,48.0,34.0,0.585,2.63,110.26,107.54,2.72,3.02,110.35,107.23,3.12
12,2014,12,Toronto Raptors,E,A,48.0,34.0,0.585,3.24,109.77,106.15,3.62,2.55,109.65,106.76,2.89
13,2014,13,Memphis Grizzlies,W,SW,50.0,32.0,0.61,1.57,107.12,105.47,1.66,2.17,107.18,104.89,2.29
14,2014,14,Chicago Bulls,E,C,48.0,34.0,0.585,1.85,103.49,101.4,2.09,1.19,103.12,101.72,1.4
15,2014,15,Washington Wizards,E,SE,44.0,38.0,0.537,1.27,106.75,105.45,1.3,0.47,106.46,105.99,0.47
16,2014,16,Atlanta Hawks,E,SE,38.0,44.0,0.46299999999999997,-0.48,106.71,107.26,-0.56,-0.88,106.74,107.71,-0.97
17,2014,17,Charlotte Bobcats,E,SE,43.0,39.0,0.524,-0.22,104.31,104.61,-0.29,-0.89,104.04,105.03,-0.99
18,2014,18,New York Knicks,E,A,37.0,45.0,0.451,-0.79,109.27,109.97,-0.7,-1.4,109.25,110.58,-1.33
19,2014,19,Denver Nuggets,W,NW,36.0,46.0,0.439,-2.15,106.59,108.79,-2.2,-1.4,106.75,108.17,-1.43
20,2014,20,Brooklyn Nets,E,A,44.0,38.0,0.537,-1.0,107.42,108.63,-1.21,-1.58,107.36,109.16,-1.8
21,2014,21,New Orleans Pelicans,W,SW,34.0,48.0,0.415,-2.71,107.98,110.9,-2.92,-1.98,108.18,110.35,-2.16
22,2014,22,Sacramento Kings,W,P,28.0,54.0,0.341,-2.9,106.22,109.46,-3.24,-2.08,106.39,108.77,-2.37
23,2014,23,Cleveland Cavaliers,E,C,33.0,49.0,0.402,-3.29,104.95,108.52,-3.56,-3.86,104.92,109.07,-4.16
24,2014,24,Detroit Pistons,E,C,29.0,53.0,0.354,-3.66,106.6,110.51,-3.92,-4.14,106.66,111.07,-4.41
25,2014,25,Los Angeles Lakers,W,P,27.0,55.0,0.32899999999999996,-6.29,104.89,111.01,-6.13,-5.33,105.23,110.38,-5.15
26,2014,26,Boston Celtics,E,A,25.0,57.0,0.305,-4.46,103.82,108.63,-4.81,-4.98,103.69,109.03,-5.34
27,2014,27,Orlando Magic,E,SE,23.0,59.0,0.28,-5.44,102.14,108.1,-5.96,-5.88,102.06,108.48,-6.41
28,2014,28,Utah Jazz,W,NW,25.0,57.0,0.305,-7.17,104.15,112.0,-7.85,-6.27,104.43,111.32,-6.89
29,2014,29,Milwaukee Bucks,E,C,15.0,67.0,0.183,-8.18,103.67,112.67,-9.0,-8.41,103.88,113.1,-9.23
30,2014,30,Philadelphia 76ers,E,A,19.0,63.0,0.23199999999999998,-10.45,100.09,110.53,-10.44,-10.66,100.11,110.79,-10.68
0,2015,0,,,,,,,,,,,,,,
1,2015,1,Golden State Warriors,W,P,67.0,15.0,0.8170000000000001,10.1,112.18,101.86,10.32,10.01,111.9,101.67,10.23
2,2015,2,Los Angeles Clippers,W,P,56.0,26.0,0.6829999999999999,6.59,113.21,106.22,6.98,6.8,113.35,106.14,7.21
3,2015,3,San Antonio Spurs,W,SW,55.0,27.0,0.6709999999999999,6.2,109.25,102.61,6.64,6.34,109.09,102.3,6.79
4,2015,4,Atlanta Hawks,E,SE,60.0,22.0,0.732,5.43,110.0,103.98,6.02,4.75,109.85,104.56,5.29
5,2015,5,Portland Trail Blazers,W,NW,51.0,31.0,0.622,4.23,108.81,104.3,4.5,4.41,108.72,104.03,4.69
6,2015,6,Cleveland Cavaliers,E,C,53.0,29.0,0.6459999999999999,4.48,111.93,107.13,4.8,4.08,111.97,107.58,4.39
7,2015,7,Houston Rockets,W,SW,56.0,26.0,0.6829999999999999,3.44,107.87,104.26,3.61,3.82,107.86,103.85,4.01
8,2015,8,Memphis Grizzlies,W,SW,55.0,27.0,0.6709999999999999,3.24,106.44,102.9,3.55,3.62,106.35,102.41,3.94
9,2015,9,Dallas Mavericks,W,SW,50.0,32.0,0.61,2.9,110.3,107.14,3.16,3.36,110.51,106.87,3.64
10,2015,10,Chicago Bulls,E,C,50.0,32.0,0.61,3.0,108.48,105.11,3.37,2.54,108.42,105.53,2.88
11,2015,11,Toronto Raptors,E,A,49.0,33.0,0.598,3.07,112.06,108.69,3.37,2.45,112.07,109.35,2.72
12,2015,12,Oklahoma City Thunder,W,NW,45.0,37.0,0.5489999999999999,2.18,108.41,106.18,2.24,2.47,108.42,105.89,2.54
13,2015,13,New Orleans Pelicans,W,SW,45.0,37.0,0.5489999999999999,0.79,108.95,108.15,0.8,1.13,109.04,107.88,1.16
14,2015,14,Utah Jazz,W,NW,38.0,44.0,0.46299999999999997,0.22,106.19,105.91,0.28,0.71,106.23,105.43,0.79
15,2015,15,Washington Wizards,E,SE,46.0,36.0,0.561,0.72,104.56,103.73,0.83,0.17,104.38,104.13,0.25
16,2015,16,Indiana Pacers,E,C,38.0,44.0,0.46299999999999997,0.28,104.44,104.04,0.4,-0.22,104.34,104.48,-0.14
17,2015,17,Milwaukee Bucks,E,C,41.0,41.0,0.5,0.43,103.57,103.18,0.38,-0.09,103.33,103.49,-0.16
18,2015,18,Phoenix Suns,W,P,39.0,43.0,0.47600000000000003,-0.9,105.93,106.85,-0.92,-0.38,105.97,106.34,-0.37
19,2015,19,Boston Celtics,E,A,40.0,42.0,0.488,0.16,105.32,105.17,0.15,-0.4,105.14,105.58,-0.44
20,2015,20,Detroit Pistons,E,C,32.0,50.0,0.39,-1.0,106.22,107.35,-1.14,-1.39,106.23,107.77,-1.54
21,2015,21,Denver Nuggets,W,NW,30.0,52.0,0.366,-3.55,105.11,108.68,-3.57,-3.07,105.16,108.22,-3.07
22,2015,22,Sacramento Kings,W,P,29.0,53.0,0.354,-3.71,106.01,109.95,-3.94,-3.07,106.24,109.51,-3.27
23,2015,23,Brooklyn Nets,E,A,38.0,44.0,0.46299999999999997,-2.88,105.15,108.19,-3.05,-3.13,105.17,108.48,-3.31
24,2015,24,Miami Heat,E,SE,37.0,45.0,0.451,-2.6,104.86,107.91,-3.05,-2.92,104.99,108.36,-3.37
25,2015,25,Charlotte Hornets,E,SE,33.0,49.0,0.402,-3.17,100.92,104.44,-3.52,-3.44,100.75,104.55,-3.79
26,2015,26,Orlando Magic,E,SE,25.0,57.0,0.305,-5.72,102.26,108.34,-6.07,-5.87,102.3,108.54,-6.23
27,2015,27,Los Angeles Lakers,W,P,21.0,61.0,0.256,-6.84,104.07,111.44,-7.36,-6.17,104.26,110.9,-6.65
28,2015,28,Minnesota Timberwolves,W,NW,16.0,66.0,0.195,-8.79,103.63,112.98,-9.36,-8.0,103.98,112.5,-8.52
29,2015,29,Philadelphia 76ers,E,A,18.0,64.0,0.22,-8.98,96.4,105.7,-9.31,-9.04,96.3,105.67,-9.38
30,2015,30,New York Knicks,E,A,17.0,65.0,0.207,-9.32,100.89,111.01,-10.13,-9.49,101.06,111.36,-10.3
0,2016,0,,,,,,,,,,,,,,
1,2016,1,San Antonio Spurs,W,SW,67.0,15.0,0.8170000000000001,10.63,111.04,99.55,11.49,10.28,110.59,99.49,11.1
2,2016,2,Golden State Warriors,W,P,73.0,9.0,0.89,10.76,115.18,104.32,10.86,10.38,115.01,104.53,10.49
3,2016,3,Oklahoma City Thunder,W,NW,55.0,27.0,0.6709999999999999,7.28,113.76,106.22,7.54,7.09,113.64,106.29,7.35
4,2016,4,Cleveland Cavaliers,E,C,57.0,25.0,0.695,5.99,111.8,105.32,6.48,5.44,111.75,105.85,5.9
5,2016,5,Toronto Raptors,E,A,56.0,26.0,0.6829999999999999,4.5,111.11,106.16,4.95,4.08,111.18,106.68,4.5
6,2016,6,Los Angeles Clippers,W,P,53.0,29.0,0.6459999999999999,4.28,109.04,104.57,4.47,4.13,108.69,104.39,4.31
7,2016,7,Atlanta Hawks,E,SE,48.0,34.0,0.585,3.61,105.75,102.0,3.75,3.49,105.74,102.12,3.62
8,2016,8,Boston Celtics,E,A,48.0,34.0,0.585,3.21,107.3,104.1,3.2,2.84,107.24,104.43,2.81
9,2016,9,Charlotte Hornets,E,SE,48.0,34.0,0.585,2.72,107.72,105.01,2.71,2.36,107.67,105.33,2.34
10,2016,10,Utah Jazz,W,NW,40.0,42.0,0.488,1.8,106.83,104.78,2.04,1.86,106.57,104.48,2.09
11,2016,11,Indiana Pacers,E,C,45.0,37.0,0.5489999999999999,1.71,105.28,103.51,1.77,1.62,105.26,103.58,1.68
12,2016,12,Miami Heat,E,SE,48.0,34.0,0.585,1.65,107.01,105.34,1.67,1.5,107.08,105.56,1.52
13,2016,13,Portland Trail Blazers,W,NW,44.0,38.0,0.537,0.83,109.55,108.67,0.88,0.98,109.48,108.45,1.03
14,2016,14,Detroit Pistons,E,C,44.0,38.0,0.537,0.61,106.78,106.19,0.59,0.43,106.88,106.48,0.4
15,2016,15,Houston Rockets,W,SW,41.0,41.0,0.5,0.2,109.23,109.1,0.13,0.34,109.26,108.96,0.3
16,2016,16,Dallas Mavericks,W,SW,42.0,40.0,0.512,-0.3,107.29,107.48,-0.19,-0.02,107.24,107.13,0.11
17,2016,17,Washington Wizards,E,SE,41.0,41.0,0.5,-0.5,106.09,106.48,-0.39,-0.49,106.23,106.62,-0.39
18,2016,18,Chicago Bulls,E,C,42.0,40.0,0.512,-1.48,105.85,107.28,-1.43,-1.46,106.02,107.44,-1.42
19,2016,19,Orlando Magic,E,SE,35.0,47.0,0.42700000000000005,-1.62,105.73,107.47,-1.74,-1.68,105.89,107.7,-1.8
20,2016,20,Memphis Grizzlies,W,SW,42.0,40.0,0.512,-2.24,106.36,108.69,-2.33,-2.13,106.23,108.45,-2.22
21,2016,21,Sacramento Kings,W,P,33.0,49.0,0.402,-2.48,106.57,109.07,-2.5,-2.31,106.44,108.77,-2.33
22,2016,22,Denver Nuggets,W,NW,33.0,49.0,0.402,-3.1,106.22,109.47,-3.25,-2.81,106.24,109.17,-2.94
23,2016,23,New York Knicks,E,A,32.0,50.0,0.39,-2.73,105.41,108.43,-3.03,-2.73,105.55,108.58,-3.02
24,2016,24,New Orleans Pelicans,W,SW,30.0,52.0,0.366,-3.79,106.27,110.17,-3.89,-3.55,106.32,109.96,-3.63
25,2016,25,Minnesota Timberwolves,W,NW,29.0,53.0,0.354,-3.54,107.17,111.02,-3.86,-3.38,107.17,110.86,-3.68
26,2016,26,Milwaukee Bucks,E,C,33.0,49.0,0.402,-4.18,105.06,109.65,-4.59,-3.98,105.32,109.69,-4.37
27,2016,27,Phoenix Suns,W,P,23.0,59.0,0.28,-6.66,102.94,109.8,-6.86,-6.32,102.95,109.45,-6.5
28,2016,28,Brooklyn Nets,E,A,21.0,61.0,0.256,-7.35,103.74,111.6,-7.86,-7.11,104.06,111.66,-7.61
29,2016,29,Los Angeles Lakers,W,P,17.0,65.0,0.207,-9.56,102.29,112.4,-10.12,-8.92,102.49,111.92,-9.43
30,2016,30,Philadelphia 76ers,E,A,10.0,72.0,0.122,-10.23,99.65,110.15,-10.5,-9.92,99.83,110.01,-10.18
0,2017,0,,,,,,,,,,,,,,
1,2017,1,Golden State Warriors,W,P,67.0,15.0,0.8170000000000001,11.63,116.26,104.57,11.69,11.35,116.02,104.61,11.41
2,2017,2,San Antonio Spurs,W,SW,61.0,21.0,0.7440000000000001,7.2,111.81,104.25,7.56,7.13,111.62,104.12,7.49
3,2017,3,Houston Rockets,W,SW,55.0,27.0,0.6709999999999999,5.77,115.59,109.96,5.63,5.84,115.7,109.98,5.72
4,2017,4,Los Angeles Clippers,W,P,51.0,31.0,0.622,4.29,113.38,108.88,4.5,4.42,113.46,108.82,4.64
5,2017,5,Utah Jazz,W,NW,51.0,31.0,0.622,3.94,110.46,106.19,4.27,4.0,110.31,105.98,4.33
6,2017,6,Toronto Raptors,E,A,51.0,31.0,0.622,4.21,113.2,108.68,4.51,3.65,113.07,109.14,3.93
7,2017,7,Cleveland Cavaliers,E,C,51.0,31.0,0.622,3.18,114.25,110.99,3.27,2.88,114.33,111.38,2.95
8,2017,8,Boston Celtics,E,A,53.0,29.0,0.6459999999999999,2.63,111.88,109.16,2.72,2.25,111.81,109.49,2.33
9,2017,9,Washington Wizards,E,SE,49.0,33.0,0.598,1.8,111.98,110.06,1.92,1.36,111.96,110.49,1.46
10,2017,10,Oklahoma City Thunder,W,NW,47.0,35.0,0.573,0.76,108.95,108.17,0.78,1.15,108.94,107.75,1.18
11,2017,11,Memphis Grizzlies,W,SW,43.0,39.0,0.524,0.49,108.59,107.89,0.7,0.96,108.71,107.55,1.17
12,2017,12,Miami Heat,E,SE,41.0,41.0,0.5,1.06,108.73,107.65,1.09,0.78,108.62,107.84,0.79
13,2017,13,Denver Nuggets,W,NW,40.0,42.0,0.488,0.51,113.9,113.43,0.47,0.7,114.06,113.39,0.67
14,2017,14,Charlotte Hornets,E,SE,36.0,46.0,0.439,0.2,109.57,109.31,0.25,-0.06,109.53,109.55,-0.02
15,2017,15,Chicago Bulls,E,C,41.0,41.0,0.5,0.43,108.04,107.72,0.32,0.03,107.91,107.98,-0.08
16,2017,16,Portland Trail Blazers,W,NW,41.0,41.0,0.5,-0.52,110.93,111.46,-0.53,-0.23,111.09,111.31,-0.22
17,2017,17,Milwaukee Bucks,E,C,42.0,40.0,0.512,-0.18,109.92,110.16,-0.23,-0.44,109.96,110.46,-0.5
18,2017,18,Indiana Pacers,E,C,42.0,40.0,0.512,-0.22,109.33,109.49,-0.16,-0.64,109.21,109.81,-0.6
19,2017,19,Minnesota Timberwolves,W,NW,31.0,51.0,0.37799999999999995,-1.11,111.54,112.74,-1.2,-0.63,111.75,112.46,-0.71
20,2017,20,Atlanta Hawks,E,SE,43.0,39.0,0.524,-0.85,105.55,106.54,-0.99,-1.23,105.32,106.69,-1.37
21,2017,21,Detroit Pistons,E,C,37.0,45.0,0.451,-1.12,106.53,107.9,-1.37,-1.29,106.39,107.93,-1.54
22,2017,22,New Orleans Pelicans,W,SW,34.0,48.0,0.415,-2.1,105.81,108.01,-2.2,-1.69,105.79,107.57,-1.78
23,2017,23,Dallas Mavericks,W,SW,33.0,49.0,0.402,-2.93,106.28,109.36,-3.08,-2.52,106.31,108.96,-2.65
24,2017,24,Sacramento Kings,W,P,32.0,50.0,0.39,-3.88,107.98,112.18,-4.21,-3.29,108.12,111.72,-3.59
25,2017,25,New York Knicks,E,A,31.0,51.0,0.37799999999999995,-3.67,108.57,112.35,-3.77,-3.87,108.62,112.6,-3.98
26,2017,26,Phoenix Suns,W,P,24.0,58.0,0.293,-5.63,107.32,112.79,-5.47,-5.14,107.43,112.41,-4.98
27,2017,27,Philadelphia 76ers,E,A,28.0,54.0,0.341,-5.7,103.96,109.81,-5.85,-5.83,103.92,109.91,-5.99
28,2017,28,Los Angeles Lakers,W,P,26.0,56.0,0.317,-6.88,106.69,113.72,-7.02,-6.29,106.96,113.38,-6.42
29,2017,29,Brooklyn Nets,E,A,20.0,62.0,0.244,-6.73,104.61,111.34,-6.73,-6.74,104.63,111.37,-6.74
30,2017,30,Orlando Magic,E,SE,29.0,53.0,0.354,-6.57,104.23,111.11,-6.88,-6.61,104.3,111.21,-6.92
0,2018,0,,,,,,,,,,,,,,
1,2018,1,Houston Rockets,W,SW,65.0,17.0,0.7929999999999999,8.48,115.48,106.84,8.64,8.21,115.45,107.08,8.37
2,2018,2,Toronto Raptors,E,A,59.0,23.0,0.72,7.78,114.6,106.56,8.03,7.3,114.5,106.96,7.54
3,2018,3,Golden State Warriors,W,P,58.0,24.0,0.7070000000000001,5.98,114.31,108.43,5.88,5.79,114.33,108.62,5.7
4,2018,4,Utah Jazz,W,NW,48.0,34.0,0.585,4.3,109.07,104.56,4.51,4.47,108.92,104.24,4.68
5,2018,5,Philadelphia 76ers,E,A,52.0,30.0,0.634,4.5,110.28,105.77,4.51,4.3,110.12,105.81,4.31
6,2018,6,Oklahoma City Thunder,W,NW,48.0,34.0,0.585,3.41,111.48,108.02,3.47,3.42,111.5,108.03,3.47
7,2018,7,Boston Celtics,E,A,55.0,27.0,0.6709999999999999,3.59,108.4,104.65,3.75,3.24,108.14,104.75,3.39
8,2018,8,San Antonio Spurs,W,SW,47.0,35.0,0.573,2.89,108.49,105.36,3.13,2.89,108.35,105.23,3.12
9,2018,9,Portland Trail Blazers,W,NW,49.0,33.0,0.598,2.6,109.58,106.93,2.66,2.6,109.44,106.79,2.66
10,2018,10,Minnesota Timberwolves,W,NW,47.0,35.0,0.573,2.23,114.24,111.86,2.38,2.35,114.41,111.91,2.5
11,2018,11,Denver Nuggets,W,NW,46.0,36.0,0.561,1.48,113.02,111.4,1.62,1.57,113.21,111.5,1.71
12,2018,12,New Orleans Pelicans,W,SW,48.0,34.0,0.585,1.3,110.29,109.05,1.24,1.48,110.37,108.95,1.42
13,2018,13,Indiana Pacers,E,C,48.0,34.0,0.585,1.38,110.24,108.8,1.44,1.18,110.17,108.94,1.24
14,2018,14,Cleveland Cavaliers,E,C,50.0,32.0,0.61,0.94,113.58,112.56,1.02,0.59,113.61,112.94,0.67
15,2018,15,Washington Wizards,E,SE,43.0,39.0,0.524,0.59,109.96,109.41,0.55,0.53,110.0,109.49,0.5
16,2018,16,Miami Heat,E,SE,44.0,38.0,0.537,0.48,107.63,107.12,0.51,0.15,107.47,107.28,0.18
17,2018,17,Los Angeles Clippers,W,P,42.0,40.0,0.512,0.04,110.97,111.02,-0.05,0.15,111.06,111.0,0.07
18,2018,18,Charlotte Hornets,E,SE,36.0,46.0,0.439,0.26,109.95,109.72,0.23,0.07,109.93,109.89,0.04
19,2018,19,Detroit Pistons,E,C,39.0,43.0,0.47600000000000003,-0.15,107.95,108.14,-0.19,-0.26,107.84,108.14,-0.3
20,2018,20,Milwaukee Bucks,E,C,44.0,38.0,0.537,-0.3,110.67,110.98,-0.31,-0.45,110.7,111.16,-0.46
21,2018,21,Los Angeles Lakers,W,P,35.0,47.0,0.42700000000000005,-1.55,107.1,108.64,-1.54,-1.43,106.96,108.39,-1.43
22,2018,22,Dallas Mavericks,W,SW,24.0,58.0,0.293,-3.04,106.92,110.0,-3.08,-2.7,106.96,109.7,-2.74
23,2018,23,New York Knicks,E,A,29.0,53.0,0.354,-3.56,107.72,111.36,-3.65,-3.53,107.77,111.38,-3.61
24,2018,24,Brooklyn Nets,E,A,28.0,54.0,0.341,-3.74,107.71,111.51,-3.8,-3.67,107.83,111.55,-3.72
25,2018,25,Orlando Magic,E,SE,25.0,57.0,0.305,-4.82,105.83,110.85,-5.02,-4.92,105.77,110.88,-5.11
26,2018,26,Atlanta Hawks,E,SE,24.0,58.0,0.293,-5.45,105.74,111.21,-5.47,-5.3,105.81,111.12,-5.31
27,2018,27,Memphis Grizzlies,W,SW,22.0,60.0,0.268,-6.21,105.29,111.85,-6.57,-5.81,105.44,111.59,-6.15
28,2018,28,Chicago Bulls,E,C,27.0,55.0,0.32899999999999996,-7.04,104.39,111.61,-7.22,-6.84,104.46,111.47,-7.01
29,2018,29,Sacramento Kings,W,P,27.0,55.0,0.32899999999999996,-6.99,104.47,111.9,-7.43,-6.59,104.6,111.62,-7.02
30,2018,30,Phoenix Suns,W,P,21.0,61.0,0.256,-9.37,104.25,113.51,-9.26,-8.8,104.5,113.19,-8.69
0,2019,0,,,,,,,,,,,,,,
1,2019,1,Milwaukee Bucks,E,C,60.0,22.0,0.732,8.87,114.23,105.76,8.47,8.05,113.89,106.23,7.66
2,2019,2,Golden State Warriors,W,P,57.0,25.0,0.695,6.46,116.63,110.24,6.39,6.42,116.6,110.24,6.37
3,2019,3,Toronto Raptors,E,A,58.0,24.0,0.7070000000000001,6.09,113.99,108.0,5.99,5.49,113.78,108.4,5.38
4,2019,4,Utah Jazz,W,NW,50.0,32.0,0.61,5.26,111.35,106.11,5.24,5.29,111.23,105.94,5.28
5,2019,5,Houston Rockets,W,SW,53.0,29.0,0.6459999999999999,4.77,116.25,111.43,4.82,4.97,116.45,111.43,5.03
6,2019,6,Portland Trail Blazers,W,NW,53.0,29.0,0.6459999999999999,4.2,115.45,111.07,4.38,4.44,115.63,111.01,4.62
7,2019,7,Denver Nuggets,W,NW,54.0,28.0,0.659,3.95,113.76,109.62,4.14,4.2,113.74,109.35,4.39
8,2019,8,Boston Celtics,E,A,49.0,33.0,0.598,4.44,112.78,108.35,4.43,3.9,112.57,108.69,3.88
9,2019,9,Oklahoma City Thunder,W,NW,49.0,33.0,0.598,3.4,110.85,107.53,3.31,3.56,110.71,107.22,3.49
10,2019,10,Indiana Pacers,E,C,48.0,34.0,0.585,3.33,110.62,107.23,3.39,2.76,110.31,107.5,2.8
11,2019,11,Philadelphia 76ers,E,A,51.0,31.0,0.622,2.7,113.21,110.58,2.64,2.26,113.16,110.97,2.19
12,2019,12,San Antonio Spurs,W,SW,48.0,34.0,0.585,1.68,113.3,111.55,1.75,1.81,113.3,111.42,1.88
13,2019,13,Los Angeles Clippers,W,P,48.0,34.0,0.585,0.85,113.14,112.33,0.81,1.09,113.29,112.22,1.06
14,2019,14,Orlando Magic,E,SE,42.0,40.0,0.512,0.71,109.46,108.82,0.65,0.28,109.26,109.05,0.21
15,2019,15,Miami Heat,E,SE,39.0,43.0,0.47600000000000003,-0.23,108.22,108.35,-0.13,-0.45,108.03,108.39,-0.36
16,2019,16,Brooklyn Nets,E,A,42.0,40.0,0.512,-0.07,110.3,110.36,-0.06,-0.4,110.15,110.56,-0.41
17,2019,17,Detroit Pistons,E,C,41.0,41.0,0.5,-0.24,109.93,110.13,-0.2,-0.55,109.86,110.38,-0.53
18,2019,18,Sacramento Kings,W,P,39.0,43.0,0.47600000000000003,-1.12,111.17,112.19,-1.02,-0.81,111.29,112.0,-0.71
19,2019,19,Dallas Mavericks,W,SW,33.0,49.0,0.402,-1.28,110.19,111.41,-1.22,-0.86,110.29,111.08,-0.79
20,2019,20,Minnesota Timberwolves,W,NW,36.0,46.0,0.439,-1.5,112.04,113.54,-1.51,-1.02,112.31,113.32,-1.01
21,2019,21,New Orleans Pelicans,W,SW,33.0,49.0,0.402,-1.33,111.85,113.1,-1.25,-1.1,111.98,112.98,-1.01
22,2019,22,Los Angeles Lakers,W,P,37.0,45.0,0.451,-1.72,108.52,110.18,-1.66,-1.32,108.46,109.71,-1.26
23,2019,23,Charlotte Hornets,E,SE,39.0,43.0,0.47600000000000003,-1.1,112.1,113.16,-1.06,-1.31,112.11,113.41,-1.3
24,2019,24,Memphis Grizzlies,W,SW,33.0,49.0,0.402,-2.6,106.96,109.66,-2.7,-2.08,106.93,109.09,-2.17
25,2019,25,Washington Wizards,E,SE,32.0,50.0,0.39,-2.9,111.72,114.56,-2.84,-3.3,111.72,114.97,-3.25
26,2019,26,Atlanta Hawks,E,SE,29.0,53.0,0.354,-6.02,108.71,114.41,-5.7,-6.06,108.83,114.59,-5.76
27,2019,27,Chicago Bulls,E,C,22.0,60.0,0.268,-8.41,105.45,113.94,-8.49,-8.32,105.49,113.9,-8.41
28,2019,28,Phoenix Suns,W,P,19.0,63.0,0.23199999999999998,-9.34,106.29,115.55,-9.26,-8.61,106.59,115.11,-8.52
29,2019,29,New York Knicks,E,A,17.0,65.0,0.207,-9.21,105.13,114.39,-9.26,-8.92,105.31,114.3,-8.98
30,2019,30,Cleveland Cavaliers,E,C,19.0,63.0,0.23199999999999998,-9.61,108.5,118.54,-10.04,-9.39,108.83,118.64,-9.82
0,2020,0,,,,,,,,,,,,,,
1,2020,1,Milwaukee Bucks,E,C,35.0,6.0,0.8540000000000001,12.29,114.26,102.47,11.79,11.18,114.02,103.33,10.69
2,2020,2,Los Angeles Lakers,W,P,32.0,7.0,0.821,8.28,113.56,105.48,8.09,8.57,113.17,104.78,8.4
3,2020,3,Dallas Mavericks,W,SW,24.0,15.0,0.615,6.87,117.58,110.64,6.94,7.18,117.89,110.68,7.22
4,2020,4,Los Angeles Clippers,W,P,27.0,12.0,0.6920000000000001,6.1,112.68,106.77,5.91,6.47,112.35,106.07,6.28
5,2020,5,Boston Celtics,E,A,26.0,11.0,0.703,6.97,112.78,105.72,7.06,5.82,112.0,106.09,5.9
6,2020,6,Toronto Raptors,E,A,25.0,13.0,0.6579999999999999,5.26,110.5,105.21,5.29,5.63,110.84,105.2,5.64
7,2020,7,Houston Rockets,W,SW,26.0,12.0,0.684,5.5,115.27,109.84,5.43,5.03,115.12,110.14,4.97
8,2020,8,Philadelphia 76ers,E,A,25.0,15.0,0.625,3.48,110.41,106.94,3.46,3.65,110.25,106.6,3.65
9,2020,9,Utah Jazz,W,NW,26.0,12.0,0.684,3.5,110.81,107.08,3.73,3.17,111.29,107.91,3.37
10,2020,10,Miami Heat,E,SE,27.0,11.0,0.711,3.89,112.04,108.37,3.67,3.47,111.95,108.68,3.28
11,2020,11,Denver Nuggets,W,NW,26.0,12.0,0.684,3.55,112.27,108.55,3.72,3.03,111.78,108.56,3.23
12,2020,12,Indiana Pacers,E,C,24.0,15.0,0.615,3.05,111.49,108.28,3.21,2.29,111.38,108.93,2.46
13,2020,13,Oklahoma City Thunder,W,NW,22.0,17.0,0.564,1.54,110.43,108.89,1.54,2.01,110.52,108.51,2.01
14,2020,14,Orlando Magic,E,SE,18.0,21.0,0.462,0.21,106.2,106.18,0.02,0.41,105.95,105.71,0.24
15,2020,15,San Antonio Spurs,W,SW,16.0,21.0,0.43200000000000005,-1.11,112.0,113.16,-1.16,-0.74,111.95,112.77,-0.82
16,2020,16,Phoenix Suns,W,P,15.0,23.0,0.395,-1.11,110.72,112.0,-1.28,-1.31,110.61,112.07,-1.46
17,2020,17,Portland Trail Blazers,W,NW,16.0,24.0,0.4,-2.4,110.45,112.86,-2.41,-2.02,111.0,113.05,-2.05
18,2020,18,New Orleans Pelicans,W,SW,14.0,26.0,0.35,-4.0,109.68,113.44,-3.77,-2.47,110.55,112.82,-2.26
19,2020,19,Chicago Bulls,E,C,14.0,26.0,0.35,-1.8,106.22,108.04,-1.82,-2.46,105.74,108.22,-2.48
20,2020,20,Brooklyn Nets,E,A,17.0,20.0,0.45899999999999996,-1.95,106.8,108.74,-1.94,-2.73,106.31,109.0,-2.68
21,2020,21,Sacramento Kings,W,P,15.0,24.0,0.385,-2.79,108.52,111.24,-2.72,-2.88,108.19,110.98,-2.8
22,2020,22,Memphis Grizzlies,W,SW,17.0,22.0,0.436,-3.28,109.96,113.15,-3.19,-2.92,110.24,113.1,-2.86
23,2020,23,Minnesota Timberwolves,W,NW,15.0,23.0,0.395,-2.89,107.58,110.37,-2.79,-3.28,106.84,110.02,-3.18
24,2020,24,Detroit Pistons,E,C,14.0,26.0,0.35,-2.88,110.18,112.95,-2.78,-3.36,110.05,113.31,-3.27
25,2020,25,Washington Wizards,E,SE,13.0,25.0,0.342,-4.87,111.67,116.35,-4.68,-4.81,111.98,116.62,-4.64
26,2020,26,Charlotte Hornets,E,SE,15.0,26.0,0.366,-6.71,107.66,114.43,-6.78,-7.09,107.76,114.89,-7.13
27,2020,27,Cleveland Cavaliers,E,C,12.0,27.0,0.308,-8.23,106.76,115.16,-8.4,-7.21,107.54,114.94,-7.4
28,2020,28,Golden State Warriors,W,P,9.0,31.0,0.225,-7.9,104.56,112.57,-8.01,-7.73,104.38,112.21,-7.84
29,2020,29,New York Knicks,E,A,10.0,29.0,0.256,-8.23,105.51,113.82,-8.32,-7.75,105.77,113.61,-7.84
30,2020,30,Atlanta Hawks,E,SE,8.0,31.0,0.205,-9.72,104.46,113.62,-9.16,-8.56,105.48,113.53,-8.05
